
OBJECT_ADD 30202421,35388429,-352.000000,62 
OBJECT_ADD 30205504,35387878,-375.000000,62 
OBJECT_ADD 30207288,35385828,-375.000000,62 
OBJECT_ADD 30204888,35382314,-375.000000,62 
OBJECT_ADD 30208172,35382835,-375.000000,62 
OBJECT_ADD 30204252,35378473,-375.000000,62 
OBJECT_ADD 30208181,35378431,-375.000000,62 
OBJECT_ADD 30208076,35374769,-352.000000,62 
OBJECT_ADD 30203844,35371861,-352.000000,62 
OBJECT_ADD 30207416,35372752,-352.000000,62 
OBJECT_ADD 30207580,35370072,-352.000000,62 
OBJECT_ADD 30212006,35376409,-352.000000,62 
OBJECT_ADD 30211579,35373492,-352.000000,62 
OBJECT_ADD 30215899,35376436,-352.000000,62 
OBJECT_ADD 30217634,35374270,-352.000000,62 
OBJECT_ADD 30220680,35372736,-352.000000,62 
OBJECT_ADD 30214823,35373431,-352.000000,62 
OBJECT_ADD 30217333,35371128,-352.000000,62 
OBJECT_ADD 30198638,35365949,-352.000000,62 
OBJECT_ADD 30202387,35368960,-352.000000,62 
OBJECT_ADD 30202698,35366551,-352.000000,62 
OBJECT_ADD 30200290,35363564,-352.000000,62 
OBJECT_ADD 30202654,35362058,-352.000000,62 
OBJECT_ADD 30204914,35365299,-352.000000,62 
OBJECT_ADD 30209690,35362031,-352.000000,62 
OBJECT_ADD 30206223,35357137,-352.000000,62 
OBJECT_ADD 30199296,35428083,-352.000000,62 
OBJECT_ADD 30188127,35418378,-352.000000,62 
OBJECT_ADD 30184662,35419854,-352.000000,62 
OBJECT_ADD 30211615,35413713,-352.000000,62 
OBJECT_ADD 30196120,35426343,-352.000000,62 
OBJECT_ADD 30179622,35443923,-352.000000,62 
OBJECT_ADD 30196588,35430838,-352.000000,62 
OBJECT_ADD 30181987,35439839,-352.000000,62 
OBJECT_ADD 30213916,35417765,-352.000000,62 
OBJECT_ADD 30217672,35401802,-352.000000,62 
OBJECT_ADD 30159022,35428656,-352.000000,62 
OBJECT_ADD 30215226,35380602,-352.000000,62 
OBJECT_ADD 30218178,35383281,-352.000000,62 
OBJECT_ADD 30210616,35358222,-352.000000,62 
OBJECT_ADD 30208266,35349907,-352.000000,62 
OBJECT_ADD 30207342,35354035,-352.000000,62 
OBJECT_ADD 30134281,35436037,-352.000000,62 
OBJECT_ADD 30163686,35435141,0.000000,62 
OBJECT_ADD 30172655,35445735,0.000000,62 
OBJECT_ADD 30165134,35438613,0.000000,62 
OBJECT_ADD 30137540,35452597,0.000000,62 
OBJECT_ADD 30222091,35352828,0.000000,62 
OBJECT_ADD 30219098,35352221,0.000000,62 
OBJECT_ADD 30140766,35435163,0.000000,62 
OBJECT_ADD 30205819,35407075,0.000000,62 
OBJECT_ADD 30184081,35437469,0.000000,62 
OBJECT_ADD 30209612,35409049,0.000000,62 
OBJECT_ADD 30203165,35319590,0.000000,62 
OBJECT_ADD 30168936,35431985,0.000000,62 
OBJECT_ADD 30104703,35433156,0.000000,62 
OBJECT_ADD 30098904,35435737,0.000000,62 
OBJECT_ADD 30092246,35435393,0.000000,62 
OBJECT_ADD 30227224,35320850,0.000000,62 
OBJECT_ADD 30228562,35315905,0.000000,62 
OBJECT_ADD 30245605,35304623,0.000000,62 
OBJECT_ADD 30249635,35301923,0.000000,62 
OBJECT_ADD 30227612,35303424,0.000000,62 
OBJECT_ADD 30234198,35321656,0.000000,62 
OBJECT_ADD 30237801,35320481,0.000000,62 
OBJECT_ADD 30241127,35320282,0.000000,62 
OBJECT_ADD 30243246,35317254,0.000000,62 
OBJECT_ADD 30252083,35309680,0.000000,62 
OBJECT_ADD 30238417,35313770,0.000000,62 
OBJECT_ADD 30240756,35310741,0.000000,62 
OBJECT_ADD 30299980,35362442,0.000000,62 
OBJECT_ADD 30239567,35277159,0.000000,62 
OBJECT_ADD 30243007,35277028,0.000000,62 
OBJECT_ADD 30244493,35332541,0.000000,62 
OBJECT_ADD 30297799,35353668,0.000000,62 
OBJECT_ADD 30258323,35302655,0.000000,62 
OBJECT_ADD 30271616,35321030,0.000000,62 
OBJECT_ADD 30269617,35324752,0.000000,62 
OBJECT_ADD 30274576,35326387,0.000000,62 
OBJECT_ADD 30259676,35326407,0.000000,62 
OBJECT_ADD 30262536,35328868,0.000000,62 
OBJECT_ADD 30265747,35330353,0.000000,62 
OBJECT_ADD 30268009,35332584,0.000000,62 
OBJECT_ADD 30281299,35368701,0.000000,62 
OBJECT_ADD 30296073,35377104,0.000000,62 
OBJECT_ADD 30302767,35376106,0.000000,62 
OBJECT_ADD 30321466,35353524,0.000000,62 
OBJECT_ADD 30298596,35331501,0.000000,62 
OBJECT_ADD 30308572,35359538,0.000000,62 
OBJECT_ADD 30310703,35349594,0.000000,62 
OBJECT_ADD 30314244,35353738,0.000000,62 
OBJECT_ADD 30307533,35355725,0.000000,62 
OBJECT_ADD 30304501,35361296,0.000000,62 
OBJECT_ADD 30317141,35358481,0.000000,62 
OBJECT_ADD 30313404,35361775,0.000000,62 
OBJECT_ADD 30308918,35365393,0.000000,62 
OBJECT_ADD 30292616,35336884,0.000000,62 
OBJECT_ADD 30295195,35248298,0.000000,62 
OBJECT_ADD 30253594,35296634,0.000000,62 
OBJECT_ADD 30271116,35262850,0.000000,62 
OBJECT_ADD 30268307,35260646,0.000000,62 
OBJECT_ADD 30271299,35267167,0.000000,62 
OBJECT_ADD 30287239,35254767,0.000000,62 
OBJECT_ADD 30292568,35253737,0.000000,62 
OBJECT_ADD 30284913,35260903,0.000000,62 
OBJECT_ADD 30289682,35261710,0.000000,62 
OBJECT_ADD 30284997,35269879,0.000000,62 
OBJECT_ADD 30289718,35266298,0.000000,62 
OBJECT_ADD 30290236,35269840,0.000000,62 
OBJECT_ADD 30291529,35247907,0.000000,62 
OBJECT_ADD 30257449,35435642,-352.000000,62 
OBJECT_ADD 30248192,35433790,-375.000000,62 
OBJECT_ADD 30245894,35436354,-375.000000,62 
OBJECT_ADD 30239824,35452103,-375.000000,62 
OBJECT_ADD 30234881,35449365,-375.000000,62 
OBJECT_ADD 30239260,35443724,-375.000000,62 
OBJECT_ADD 30230663,35452848,-375.000000,62 
OBJECT_ADD 30229302,35446781,-352.000000,62 
OBJECT_ADD 30179982,35497119,-352.000000,62 
OBJECT_ADD 30226946,35452087,-352.000000,62 
OBJECT_ADD 30183904,35493854,-352.000000,62 
OBJECT_ADD 30188454,35491175,-352.000000,62 
OBJECT_ADD 30217071,35554738,-352.000000,62 
OBJECT_ADD 30241198,35530914,-352.000000,62 
OBJECT_ADD 30235733,35508974,-352.000000,62 
OBJECT_ADD 30234856,35503386,-352.000000,62 
OBJECT_ADD 30237963,35501781,-352.000000,62 
OBJECT_ADD 30226814,35457767,-352.000000,62 
OBJECT_ADD 30197419,35531134,-352.000000,62 
OBJECT_ADD 30220346,35531298,-352.000000,62 
OBJECT_ADD 30218860,35511138,-352.000000,62 
OBJECT_ADD 30238225,35529949,-352.000000,62 
OBJECT_ADD 30205805,35549381,-352.000000,62 
OBJECT_ADD 30208021,35554287,-352.000000,62 
OBJECT_ADD 30212474,35544827,0.000000,62 
OBJECT_ADD 30226453,35540098,0.000000,62 
OBJECT_ADD 30231015,35538611,0.000000,62 
OBJECT_ADD 30241383,35490112,0.000000,62 
OBJECT_ADD 30238278,35486022,0.000000,62 
OBJECT_ADD 30240575,35485083,0.000000,62 
OBJECT_ADD 30214012,35550164,0.000000,62 
OBJECT_ADD 30221930,35510008,0.000000,62 
OBJECT_ADD 30228258,35510380,0.000000,62 
OBJECT_ADD 30231800,35508188,0.000000,62 
OBJECT_ADD 30212751,35365039,-352.000000,62 
OBJECT_ADD 30235486,35376841,-352.000000,62 
OBJECT_ADD 30227782,35362137,-352.000000,62 
OBJECT_ADD 30225967,35364153,-352.000000,62 
OBJECT_ADD 30223611,35365460,-352.000000,62 
OBJECT_ADD 30221386,35367527,0.000000,62 
OBJECT_ADD 30090100,35453727,0.000000,62 
OBJECT_ADD 30093329,35438222,0.000000,62 
OBJECT_ADD 30100418,35438124,0.000000,62 
OBJECT_ADD 30173950,35509731,-352.000000,62 
OBJECT_ADD 30180940,35517515,-352.000000,62 
OBJECT_ADD 30187601,35516847,-352.000000,62 
OBJECT_ADD 30189518,35514948,-352.000000,62 
OBJECT_ADD 30228192,35506467,-352.000000,62 
OBJECT_ADD 30172141,35517629,-352.000000,62 
OBJECT_ADD 30163131,35514457,-352.000000,62 
OBJECT_ADD 30225081,35506099,-352.000000,62 
OBJECT_ADD 30176335,35517199,-352.000000,62 
OBJECT_ADD 30177293,35513525,-352.000000,62 
OBJECT_ADD 30174540,35509858,-352.000000,62 
OBJECT_ADD 30221682,35505679,-352.000000,62 
OBJECT_ADD 30217236,35505222,-352.000000,62 
OBJECT_ADD 30189331,35505614,-352.000000,62 
OBJECT_ADD 30183430,35508646,-352.000000,62 
OBJECT_ADD 30162296,35519673,-352.000000,62 
OBJECT_ADD 30168859,35512419,-352.000000,62 
OBJECT_ADD 30165079,35529462,-352.000000,62 
OBJECT_ADD 30178898,35526151,-352.000000,62 
OBJECT_ADD 30166411,35530204,-352.000000,62 
OBJECT_ADD 30174440,35527981,-352.000000,62 
OBJECT_ADD 30176363,35537408,-352.000000,62 
OBJECT_ADD 30162361,35526334,0.000000,62 
OBJECT_ADD 30163277,35533051,0.000000,62 
OBJECT_ADD 30218918,35534217,0.000000,62 
OBJECT_ADD 30190964,35546186,0.000000,62 
OBJECT_ADD 30184433,35548890,0.000000,62 
OBJECT_ADD 30187576,35544591,0.000000,62 
OBJECT_ADD 30179878,35540324,0.000000,62 
OBJECT_ADD 30171296,35533841,0.000000,62 
OBJECT_ADD 30239637,35597470,0.000000,62 
OBJECT_ADD 30225222,35580772,0.000000,62 
OBJECT_ADD 30233931,35572120,0.000000,62 
OBJECT_ADD 30230715,35574568,0.000000,62 
OBJECT_ADD 30232935,35569680,0.000000,62 
OBJECT_ADD 30229559,35570973,0.000000,62 
OBJECT_ADD 30232711,35565588,0.000000,62 
OBJECT_ADD 30229965,35565515,0.000000,62 
OBJECT_ADD 30227464,35568568,0.000000,62 
OBJECT_ADD 30231093,35560528,0.000000,62 
OBJECT_ADD 30227064,35562692,0.000000,62 
OBJECT_ADD 30225343,35565982,0.000000,62 
OBJECT_ADD 30233783,35582957,0.000000,62 
OBJECT_ADD 30251011,35580462,0.000000,62 
OBJECT_ADD 30273920,35602541,0.000000,62 
OBJECT_ADD 30269265,35591874,0.000000,62 
OBJECT_ADD 30271395,35597114,0.000000,62 
OBJECT_ADD 30269895,35600005,0.000000,62 
OBJECT_ADD 30266433,35595787,0.000000,62 
OBJECT_ADD 30264391,35592865,0.000000,62 
OBJECT_ADD 30262051,35589796,0.000000,62 
OBJECT_ADD 30258924,35586677,0.000000,62 
OBJECT_ADD 30257365,35584092,0.000000,62 
OBJECT_ADD 30253762,35581774,0.000000,62 
OBJECT_ADD 30242581,35577526,0.000000,62 
OBJECT_ADD 30273760,35598857,0.000000,62 
OBJECT_ADD 30184513,35586279,0.000000,62 
OBJECT_ADD 30184650,35589381,0.000000,62 
OBJECT_ADD 30181613,35594729,0.000000,62 
OBJECT_ADD 30179895,35601710,0.000000,62 
OBJECT_ADD 30180479,35606028,0.000000,62 
OBJECT_ADD 30193813,35609168,0.000000,62 
OBJECT_ADD 30208159,35611487,0.000000,62 
OBJECT_ADD 30212961,35602208,0.000000,62 
OBJECT_ADD 30214847,35591624,0.000000,62 
OBJECT_ADD 30218391,35595898,0.000000,62 
OBJECT_ADD 30220212,35600846,0.000000,62 
OBJECT_ADD 30218000,35605106,0.000000,62 
OBJECT_ADD 30187499,35586072,0.000000,62 
OBJECT_ADD 30168501,35592413,0.000000,62 
OBJECT_ADD 30177466,35575087,0.000000,62 
OBJECT_ADD 30189311,35579530,0.000000,62 
OBJECT_ADD 30132942,35590373,0.000000,62 
OBJECT_ADD 30135910,35592473,0.000000,62 
OBJECT_ADD 30139887,35594094,0.000000,62 
OBJECT_ADD 30157881,35571079,0.000000,62 
OBJECT_ADD 30164675,35581194,0.000000,62 
OBJECT_ADD 30159127,35578601,0.000000,62 
OBJECT_ADD 30142650,35586249,0.000000,62 
OBJECT_ADD 30139884,35584886,0.000000,62 
OBJECT_ADD 30139954,35581303,0.000000,62 
OBJECT_ADD 30129695,35588664,0.000000,62 
OBJECT_ADD 30207162,35357057,-352.000000,62 
OBJECT_ADD 30216867,35343021,-375.000000,62 
OBJECT_ADD 30216187,35332564,-375.000000,62 
OBJECT_ADD 30205767,35354037,-375.000000,62 
OBJECT_ADD 30210903,35354316,-375.000000,62 
OBJECT_ADD 30208848,35348575,-375.000000,62 
OBJECT_ADD 30211035,35357756,-375.000000,62 
OBJECT_ADD 30247075,35336315,-418.000000,63 
OBJECT_ADD 30237769,35341710,-429.000000,63 
OBJECT_ADD 30243772,35332393,-352.000000,63 
OBJECT_ADD 30211244,35363053,-352.000000,62 
OBJECT_ADD 30200480,35365096,-352.000000,62 
OBJECT_ADD 30201444,35361315,-352.000000,62 
OBJECT_ADD 30249253,35362121,-352.000000,62 
OBJECT_ADD 30232202,35329552,-352.000000,62 
OBJECT_ADD 30227197,35329424,-352.000000,62 
OBJECT_ADD 30222533,35335451,-352.000000,62 
OBJECT_ADD 30263097,35356117,-352.000000,62 
OBJECT_ADD 30262320,35361061,-352.000000,62 
OBJECT_ADD 30267852,35366032,-352.000000,62 
OBJECT_ADD 30252232,35360455,-352.000000,62 
OBJECT_ADD 30251380,35364323,-352.000000,62 
OBJECT_ADD 30246249,35365899,-352.000000,62 
OBJECT_ADD 30250508,35368771,-352.000000,62 
OBJECT_ADD 30227770,35362040,-352.000000,62 
OBJECT_ADD 30222563,35353450,-352.000000,62 
OBJECT_ADD 30215159,35348473,-352.000000,62 
OBJECT_ADD 30203246,35364954,-352.000000,62 
OBJECT_ADD 30220105,35338558,-352.000000,62 
OBJECT_ADD 30217539,35350582,-352.000000,62 
OBJECT_ADD 30232930,35373213,-352.000000,62 
OBJECT_ADD 30217666,35375054,-352.000000,62 
OBJECT_ADD 30225297,35364663,-352.000000,62 
OBJECT_ADD 30203208,35367745,-352.000000,62 
OBJECT_ADD 30207850,35365555,-352.000000,62 
OBJECT_ADD 30214939,35373073,-352.000000,62 
OBJECT_ADD 30220007,35372634,-352.000000,62 
OBJECT_ADD 30207949,35373213,-352.000000,62 
OBJECT_ADD 30205606,35376477,-352.000000,62 
OBJECT_ADD 30207362,35382916,-352.000000,62 
OBJECT_ADD 30206216,35385293,-352.000000,62 
OBJECT_ADD 30236092,35371104,-352.000000,62 
OBJECT_ADD 30226028,35378763,-352.000000,62 
OBJECT_ADD 30234347,35377215,-352.000000,62 
OBJECT_ADD 30271508,35361774,-375.000000,62 
OBJECT_ADD 30283430,35361559,-352.000000,62 
OBJECT_ADD 30217479,35383805,0.000000,62 
OBJECT_ADD 30202620,35388098,0.000000,62 
OBJECT_ADD 30291957,35364603,0.000000,62 
OBJECT_ADD 30287480,35389611,0.000000,62 
OBJECT_ADD 30297481,35390396,0.000000,62 
OBJECT_ADD 30289216,35381487,0.000000,62 
OBJECT_ADD 30295586,35383448,0.000000,62 
OBJECT_ADD 30294306,35399668,0.000000,62 
OBJECT_ADD 30303982,35384440,0.000000,62 
OBJECT_ADD 30303487,35396362,0.000000,62 
OBJECT_ADD 30281289,35379029,0.000000,62 
OBJECT_ADD 30280872,35384401,0.000000,62 
OBJECT_ADD 30304925,35381504,0.000000,62 
OBJECT_ADD 30310787,35386591,0.000000,62 
OBJECT_ADD 30290834,35392736,0.000000,62 
OBJECT_ADD 30296246,35379154,0.000000,62 
OBJECT_ADD 30271687,35274839,0.000000,62 
OBJECT_ADD 30243251,35284151,0.000000,62 
OBJECT_ADD 30285941,35282349,0.000000,62 
OBJECT_ADD 30289634,35295485,0.000000,62 
OBJECT_ADD 30260174,35274801,0.000000,62 
OBJECT_ADD 30276815,35292934,0.000000,62 
OBJECT_ADD 30275716,35285855,0.000000,62 
OBJECT_ADD 30257300,35282881,0.000000,62 
OBJECT_ADD 30283817,35289116,0.000000,62 
OBJECT_ADD 30284817,35294442,0.000000,62 
OBJECT_ADD 30284533,35298446,0.000000,62 
OBJECT_ADD 30278846,35296561,0.000000,62 
OBJECT_ADD 30266163,35285809,0.000000,62 
OBJECT_ADD 30335899,35370084,0.000000,62 
OBJECT_ADD 30323771,35348394,0.000000,62 
OBJECT_ADD 30310589,35341444,0.000000,62 
OBJECT_ADD 30320796,35335978,0.000000,62 
OBJECT_ADD 30351673,35351138,0.000000,62 
OBJECT_ADD 30346933,35349763,0.000000,62 
OBJECT_ADD 30342341,35355186,0.000000,62 
OBJECT_ADD 30338623,35349947,0.000000,62 
OBJECT_ADD 30337112,35354289,0.000000,62 
OBJECT_ADD 30339782,35359370,0.000000,62 
OBJECT_ADD 30330676,35364277,0.000000,62 
OBJECT_ADD 30326473,35340794,0.000000,62 
OBJECT_ADD 30208075,35490692,-352.000000,62 
OBJECT_ADD 30217577,35474793,-375.000000,62 
OBJECT_ADD 30216896,35464335,-375.000000,62 
OBJECT_ADD 30206477,35485810,-375.000000,62 
OBJECT_ADD 30211613,35486090,-375.000000,62 
OBJECT_ADD 30209557,35480347,-375.000000,62 
OBJECT_ADD 30211744,35489527,-375.000000,62 
OBJECT_ADD 30247784,35468087,-418.000000,63 
OBJECT_ADD 30238477,35473480,-429.000000,63 
OBJECT_ADD 30244483,35464165,-352.000000,63 
OBJECT_ADD 30211953,35494825,-352.000000,62 
OBJECT_ADD 30201190,35496867,-352.000000,62 
OBJECT_ADD 30202154,35493088,-352.000000,62 
OBJECT_ADD 30249962,35493894,-352.000000,62 
OBJECT_ADD 30232911,35461323,-352.000000,62 
OBJECT_ADD 30227905,35461196,-352.000000,62 
OBJECT_ADD 30223242,35467224,-352.000000,62 
OBJECT_ADD 30263807,35487889,-352.000000,62 
OBJECT_ADD 30263029,35492833,-352.000000,62 
OBJECT_ADD 30268560,35497804,-352.000000,62 
OBJECT_ADD 30252941,35492228,-352.000000,62 
OBJECT_ADD 30252089,35496095,-352.000000,62 
OBJECT_ADD 30246970,35497689,-352.000000,62 
OBJECT_ADD 30226921,35492346,-352.000000,62 
OBJECT_ADD 30222613,35482434,-352.000000,62 
OBJECT_ADD 30215867,35480245,-352.000000,62 
OBJECT_ADD 30198396,35489331,-352.000000,62 
OBJECT_ADD 30194231,35486319,-352.000000,62 
OBJECT_ADD 30220387,35470014,-352.000000,62 
OBJECT_ADD 30217684,35483011,-352.000000,62 
OBJECT_ADD 30191682,35497914,-352.000000,62 
OBJECT_ADD 30223076,35497426,-352.000000,62 
OBJECT_ADD 30204890,35500834,-352.000000,62 
OBJECT_ADD 30205646,35496791,-352.000000,62 
OBJECT_ADD 30285191,35494698,-375.000000,62 
OBJECT_ADD 30284141,35493332,-352.000000,62 
OBJECT_ADD 30219129,35502532,0.000000,62 
OBJECT_ADD 30292526,35496155,0.000000,62 
OBJECT_ADD 30318948,35518675,0.000000,62 
OBJECT_ADD 30331102,35514127,0.000000,62 
OBJECT_ADD 30377589,35509525,0.000000,62 
OBJECT_ADD 30376151,35512641,0.000000,62 
OBJECT_ADD 30372476,35514567,0.000000,62 
OBJECT_ADD 30364295,35521404,0.000000,62 
OBJECT_ADD 30342384,35505461,0.000000,62 
OBJECT_ADD 30351950,35501241,0.000000,62 
OBJECT_ADD 30354665,35501770,0.000000,62 
OBJECT_ADD 30357128,35503946,0.000000,62 
OBJECT_ADD 30360244,35505261,0.000000,62 
OBJECT_ADD 30352838,35513172,0.000000,62 
OBJECT_ADD 30346526,35520099,0.000000,62 
OBJECT_ADD 30220728,35400320,0.000000,62 
OBJECT_ADD 30241285,35398887,0.000000,62 
OBJECT_ADD 30236987,35397851,0.000000,62 
OBJECT_ADD 30217377,35402072,0.000000,62 
OBJECT_ADD 30316122,35351368,0.000000,62 
OBJECT_ADD 30251216,35500542,-352.000000,62 
OBJECT_ADD 30232922,35506208,-352.000000,62 
OBJECT_ADD 30218374,35506826,-352.000000,62 
OBJECT_ADD 30215649,35504846,-352.000000,62 
OBJECT_ADD 30220715,35504406,-352.000000,62 
OBJECT_ADD 30208658,35504985,-352.000000,62 
OBJECT_ADD 30206316,35508249,-352.000000,62 
OBJECT_ADD 30207662,35513320,-352.000000,62 
OBJECT_ADD 30207206,35517231,-352.000000,62 
OBJECT_ADD 30220441,35510211,-352.000000,62 
OBJECT_ADD 30224913,35509441,-352.000000,62 
OBJECT_ADD 30227847,35507900,-352.000000,62 
OBJECT_ADD 30218229,35515856,0.000000,62 
OBJECT_ADD 30221436,35532091,0.000000,62 
OBJECT_ADD 30241996,35530660,0.000000,62 
OBJECT_ADD 30237528,35529560,0.000000,62 
OBJECT_ADD 30217922,35533665,0.000000,62 
OBJECT_ADD 30199548,35519607,0.000000,62 
OBJECT_ADD 30270188,35528456,0.000000,62 
OBJECT_ADD 30272841,35530718,0.000000,62 
OBJECT_ADD 30275898,35534491,0.000000,62 
OBJECT_ADD 30276183,35555628,0.000000,62 
OBJECT_ADD 30276020,35557326,0.000000,62 
OBJECT_ADD 30318981,35515514,0.000000,62 
OBJECT_ADD 30293712,35532887,0.000000,62 
OBJECT_ADD 30296405,35535124,0.000000,62 
OBJECT_ADD 30298504,35535088,0.000000,62 
OBJECT_ADD 30300619,35537825,0.000000,62 
OBJECT_ADD 30301855,35540562,0.000000,62 
OBJECT_ADD 30304308,35542784,0.000000,62 
OBJECT_ADD 30268332,35523302,0.000000,62 
OBJECT_ADD 30641941,35280562,-33.000000,62 
OBJECT_ADD 30601799,35276961,-33.000000,62 
OBJECT_ADD 30616529,35298778,-33.000000,62 
OBJECT_ADD 30625031,35301583,-33.000000,62 
OBJECT_ADD 30653632,35308183,-33.000000,62 
OBJECT_ADD 30596171,35333008,-33.000000,62 
OBJECT_ADD 30622576,35306179,-33.000000,62 
OBJECT_ADD 30651595,35301790,-33.000000,62 
OBJECT_ADD 30647798,35318580,-33.000000,62 
OBJECT_ADD 30664577,35291743,-33.000000,62 
OBJECT_ADD 30634397,35290431,-33.000000,62 
OBJECT_ADD 30638182,35304890,-33.000000,62 
OBJECT_ADD 30601059,35331304,-76.000000,63 
OBJECT_ADD 30622160,35260961,-10.000000,63 
OBJECT_ADD 30615224,35312938,-33.000000,62 
OBJECT_ADD 30619290,35310732,-33.000000,62 
OBJECT_ADD 30646055,35280530,-33.000000,62 
OBJECT_ADD 30651218,35289930,-33.000000,62 
OBJECT_ADD 30640826,35297930,-33.000000,62 
OBJECT_ADD 30590759,35306712,-33.000000,62 
OBJECT_ADD 30604941,35313746,-33.000000,62 
OBJECT_ADD 30636848,35339225,-33.000000,62 
OBJECT_ADD 30639110,35327287,-33.000000,62 
OBJECT_ADD 30636278,35331150,-33.000000,62 
OBJECT_ADD 30647807,35292786,-33.000000,62 
OBJECT_ADD 30580988,35310579,-33.000000,62 
OBJECT_ADD 30596912,35294844,-76.000000,63 
OBJECT_ADD 30615249,35275581,-87.000000,63 
OBJECT_ADD 30617624,35277918,-10.000000,63 
OBJECT_ADD 30637147,35348114,-10.000000,62 
OBJECT_ADD 30642236,35358571,-10.000000,62 
OBJECT_ADD 30611364,35311945,-10.000000,62 
OBJECT_ADD 30641068,35338419,-10.000000,62 
OBJECT_ADD 30656556,35288217,-10.000000,62 
OBJECT_ADD 30647217,35273871,-10.000000,62 
OBJECT_ADD 30648227,35267899,-10.000000,62 
OBJECT_ADD 30656933,35269000,-10.000000,62 
OBJECT_ADD 30641238,35273040,-10.000000,62 
OBJECT_ADD 30638616,35268758,-10.000000,62 
OBJECT_ADD 30634003,35264789,-10.000000,62 
OBJECT_ADD 30632224,35262114,-10.000000,62 
OBJECT_ADD 30665502,35274050,-10.000000,62 
OBJECT_ADD 30639044,35342227,-10.000000,62 
OBJECT_ADD 30638430,35352558,-10.000000,62 
OBJECT_ADD 30645728,35343053,-10.000000,62 
OBJECT_ADD 30646971,35333271,-10.000000,62 
OBJECT_ADD 30643780,35336471,-10.000000,62 
OBJECT_ADD 30588665,35304705,-10.000000,62 
OBJECT_ADD 30647460,35283666,-10.000000,62 
OBJECT_ADD 30642788,35276927,-10.000000,62 
OBJECT_ADD 30631518,35294392,-10.000000,62 
OBJECT_ADD 30628544,35286626,-10.000000,62 
OBJECT_ADD 30625592,35292759,-10.000000,62 
OBJECT_ADD 30616362,35306980,-10.000000,62 
OBJECT_ADD 30647991,35330450,-10.000000,62 
OBJECT_ADD 30602376,35355671,-10.000000,62 
OBJECT_ADD 30640879,35363364,-10.000000,62 
OBJECT_ADD 30639481,35372663,-10.000000,62 
OBJECT_ADD 30635982,35363975,-10.000000,62 
OBJECT_ADD 30632381,35361386,-10.000000,62 
OBJECT_ADD 30634869,35355708,-10.000000,62 
OBJECT_ADD 30664817,35348788,-33.000000,62 
OBJECT_ADD 30661608,35268210,-87.000000,63 
OBJECT_ADD 30650712,35315177,-33.000000,62 
OBJECT_ADD 30651316,35311316,-10.000000,62 
OBJECT_ADD 30652781,35325237,-10.000000,62 
OBJECT_ADD 30660486,35345848,-10.000000,62 
OBJECT_ADD 30658406,35349924,-10.000000,62 
OBJECT_ADD 30654228,35353320,-10.000000,62 
OBJECT_ADD 30650634,35356329,-10.000000,62 
OBJECT_ADD 30651150,35370412,-10.000000,62 
OBJECT_ADD 30692068,35230768,0.000000,62 
OBJECT_ADD 30635030,35230506,0.000000,62 
OBJECT_ADD 30642371,35225378,0.000000,62 
OBJECT_ADD 30641815,35230117,0.000000,62 
OBJECT_ADD 30648661,35227695,0.000000,62 
OBJECT_ADD 30673076,35241969,0.000000,62 
OBJECT_ADD 30653188,35225691,0.000000,62 
OBJECT_ADD 30658734,35198843,0.000000,62 
OBJECT_ADD 30676344,35228249,0.000000,62 
OBJECT_ADD 30663429,35201864,0.000000,62 
OBJECT_ADD 30683062,35223401,0.000000,62 
OBJECT_ADD 30691828,35222575,0.000000,62 
OBJECT_ADD 30681940,35255266,0.000000,62 
OBJECT_ADD 30683684,35263098,0.000000,62 
OBJECT_ADD 30677664,35262348,0.000000,62 
OBJECT_ADD 30691067,35247079,0.000000,62 
OBJECT_ADD 30671851,35223916,0.000000,62 
OBJECT_ADD 30588398,35370921,0.000000,62 
OBJECT_ADD 30587570,35374187,0.000000,62 
OBJECT_ADD 30588312,35381205,0.000000,62 
OBJECT_ADD 30603532,35389699,0.000000,62 
OBJECT_ADD 30600202,35388852,0.000000,62 
OBJECT_ADD 30597671,35386911,0.000000,62 
OBJECT_ADD 30594036,35388222,0.000000,62 
OBJECT_ADD 30591487,35384310,0.000000,62 
OBJECT_ADD 30589216,35387388,0.000000,62 
OBJECT_ADD 30594535,35367846,0.000000,62 
OBJECT_ADD 30586904,35389482,0.000000,62 
OBJECT_ADD 30574380,35357670,0.000000,62 
OBJECT_ADD 30595074,35369182,0.000000,62 
OBJECT_ADD 30652099,35378357,0.000000,62 
OBJECT_ADD 30652259,35382023,0.000000,62 
OBJECT_ADD 30633570,35389053,0.000000,62 
OBJECT_ADD 30622470,35390435,0.000000,62 
OBJECT_ADD 30640022,35386892,0.000000,62 
OBJECT_ADD 30647036,35385637,0.000000,62 
OBJECT_ADD 30652180,35386110,0.000000,62 
OBJECT_ADD 30646479,35390613,0.000000,62 
OBJECT_ADD 30636139,35393835,0.000000,62 
OBJECT_ADD 30635551,35398163,0.000000,62 
OBJECT_ADD 30635971,35402164,0.000000,62 
OBJECT_ADD 30638954,35405462,0.000000,62 
OBJECT_ADD 30656020,35380017,0.000000,62 
OBJECT_ADD 30786840,34979455,0.000000,62 
OBJECT_ADD 30735852,34954453,0.000000,62 
OBJECT_ADD 30732539,34951099,0.000000,62 
OBJECT_ADD 30732750,34958550,0.000000,62 
OBJECT_ADD 30748004,34953672,0.000000,62 
OBJECT_ADD 30750632,34949771,0.000000,62 
OBJECT_ADD 30747058,34947748,0.000000,62 
OBJECT_ADD 30752844,34947183,0.000000,62 
OBJECT_ADD 30757933,34947782,0.000000,62 
OBJECT_ADD 30765130,34973989,0.000000,62 
OBJECT_ADD 30767942,34975330,0.000000,62 
OBJECT_ADD 30770853,34976350,0.000000,62 
OBJECT_ADD 30736558,34980709,0.000000,62 
OBJECT_ADD 30793151,34958764,0.000000,62 
OBJECT_ADD 30801113,34954326,0.000000,62 
OBJECT_ADD 30798030,34964433,0.000000,62 
OBJECT_ADD 30796470,34959764,0.000000,62 
OBJECT_ADD 30768968,34970575,0.000000,62 
OBJECT_ADD 30765859,34969072,0.000000,62 
OBJECT_ADD 30773387,34972159,0.000000,62 
OBJECT_ADD 30780477,34971374,0.000000,62 
OBJECT_ADD 30785624,34971043,0.000000,62 
OBJECT_ADD 30790456,34971821,0.000000,62 
OBJECT_ADD 30795074,34972425,0.000000,62 
OBJECT_ADD 30800845,34971300,0.000000,62 
OBJECT_ADD 30835222,34955697,0.000000,62 
OBJECT_ADD 30831342,34957358,0.000000,62 
OBJECT_ADD 30833266,34959791,0.000000,62 
OBJECT_ADD 30829067,34965089,0.000000,62 
OBJECT_ADD 30826548,34971358,0.000000,62 
OBJECT_ADD 30818825,34971854,0.000000,62 
OBJECT_ADD 30816327,34975885,0.000000,62 
OBJECT_ADD 30817376,34979019,0.000000,62 
OBJECT_ADD 30786524,34956392,0.000000,62 
OBJECT_ADD 30792033,34949812,0.000000,62 
OBJECT_ADD 30788173,34981704,0.000000,62 
OBJECT_ADD 30795612,34943557,0.000000,62 
OBJECT_ADD 30801003,34946636,0.000000,62 
OBJECT_ADD 30819113,35004080,0.000000,62 
OBJECT_ADD 30786861,35132389,-117.000000,62 
OBJECT_ADD 30785724,35137983,-117.000000,62 
OBJECT_ADD 30775719,35091357,-117.000000,62 
OBJECT_ADD 30798598,35118780,-117.000000,62 
OBJECT_ADD 30794532,35122378,-117.000000,62 
OBJECT_ADD 30782044,35075137,-117.000000,62 
OBJECT_ADD 30790017,35140957,-117.000000,62 
OBJECT_ADD 30800767,35112619,-117.000000,62 
OBJECT_ADD 30787083,35116618,-117.000000,62 
OBJECT_ADD 30781038,35141023,-117.000000,62 
OBJECT_ADD 30784749,35125934,-117.000000,62 
OBJECT_ADD 30779917,35131616,-117.000000,62 
OBJECT_ADD 30764825,35125161,-94.000000,63 
OBJECT_ADD 30778651,35102930,-160.000000,63 
OBJECT_ADD 30763992,35080088,-117.000000,62 
OBJECT_ADD 30800451,35106936,-117.000000,62 
OBJECT_ADD 30802246,35100795,-117.000000,62 
OBJECT_ADD 30800801,35096693,-117.000000,62 
OBJECT_ADD 30798096,35092177,-117.000000,62 
OBJECT_ADD 30779127,35103071,-117.000000,62 
OBJECT_ADD 30797923,35076087,-117.000000,62 
OBJECT_ADD 30787195,35085340,-117.000000,62 
OBJECT_ADD 30792618,35083596,-117.000000,62 
OBJECT_ADD 30795764,35087936,-117.000000,62 
OBJECT_ADD 30810999,35101462,-160.000000,63 
OBJECT_ADD 30811556,35060882,-171.000000,63 
OBJECT_ADD 30806510,35070448,-94.000000,63 
OBJECT_ADD 30694954,35142259,0.000000,62 
OBJECT_ADD 30697780,35139184,0.000000,62 
OBJECT_ADD 30700077,35137116,0.000000,62 
OBJECT_ADD 30690898,35145009,0.000000,62 
OBJECT_ADD 30671272,35129683,0.000000,62 
OBJECT_ADD 30665695,35130913,0.000000,62 
OBJECT_ADD 30666712,35120920,0.000000,62 
OBJECT_ADD 30670098,35115488,0.000000,62 
OBJECT_ADD 30669470,35108643,0.000000,62 
OBJECT_ADD 30717343,35094862,0.000000,62 
OBJECT_ADD 30715668,35093370,0.000000,62 
OBJECT_ADD 30705875,35105379,0.000000,62 
OBJECT_ADD 30707651,35101892,0.000000,62 
OBJECT_ADD 30708535,35097271,0.000000,62 
OBJECT_ADD 30705488,35099352,0.000000,62 
OBJECT_ADD 30702307,35103495,0.000000,62 
OBJECT_ADD 30701707,35085038,0.000000,62 
OBJECT_ADD 30742223,35100721,0.000000,62 
OBJECT_ADD 30741570,35103785,0.000000,62 
OBJECT_ADD 30724941,35092725,0.000000,62 
OBJECT_ADD 30724725,35076643,0.000000,62 
OBJECT_ADD 30743874,35078683,0.000000,62 
OBJECT_ADD 30742660,35082088,0.000000,62 
OBJECT_ADD 30671604,35135358,0.000000,62 
OBJECT_ADD 30681858,35125422,0.000000,62 
OBJECT_ADD 30671679,35122045,0.000000,62 
OBJECT_ADD 30667761,35135420,0.000000,62 
OBJECT_ADD 30725264,35080146,0.000000,62 
OBJECT_ADD 30721469,35076014,0.000000,62 
OBJECT_ADD 30723135,35147281,0.000000,62 
OBJECT_ADD 30716278,35046250,-20.000000,62 
OBJECT_ADD 30714097,35069232,-20.000000,62 
OBJECT_ADD 30731561,35045627,-20.000000,62 
OBJECT_ADD 30688549,35057062,-20.000000,62 
OBJECT_ADD 30759280,35070702,-20.000000,62 
OBJECT_ADD 30756728,35072183,-20.000000,62 
OBJECT_ADD 30803881,34992139,-20.000000,62 
OBJECT_ADD 30757537,35069715,-20.000000,62 
OBJECT_ADD 30713910,35048955,-20.000000,62 
OBJECT_ADD 30712993,35071638,-20.000000,62 
OBJECT_ADD 30719952,35053321,-20.000000,62 
OBJECT_ADD 30718294,34987392,-20.000000,62 
OBJECT_ADD 30721766,35048850,-20.000000,62 
OBJECT_ADD 30730263,35068452,-43.000000,62 
OBJECT_ADD 30726845,35055279,-43.000000,62 
OBJECT_ADD 30726882,35067000,-43.000000,62 
OBJECT_ADD 30722898,35052575,-43.000000,62 
OBJECT_ADD 30729321,35057926,-43.000000,62 
OBJECT_ADD 30729464,35064171,-43.000000,62 
OBJECT_ADD 30744444,35046395,-43.000000,62 
OBJECT_ADD 30760068,35061300,-43.000000,62 
OBJECT_ADD 30756761,35058420,-43.000000,62 
OBJECT_ADD 30738237,35061066,-43.000000,62 
OBJECT_ADD 30735332,35056582,-43.000000,62 
OBJECT_ADD 30798057,34993099,-43.000000,62 
OBJECT_ADD 30732733,35050755,-43.000000,62 
OBJECT_ADD 30721021,35059871,-86.000000,63 
OBJECT_ADD 30746476,35056516,-97.000000,63 
OBJECT_ADD 30716391,35051879,-20.000000,63 
OBJECT_ADD 30747513,35048351,-20.000000,62 
OBJECT_ADD 30750557,35050770,-20.000000,62 
OBJECT_ADD 30762756,35062524,-20.000000,62 
OBJECT_ADD 30752317,35055026,-20.000000,62 
OBJECT_ADD 30754220,35053534,-20.000000,62 
OBJECT_ADD 30802429,34984905,-20.000000,62 
OBJECT_ADD 30722499,34984690,-20.000000,62 
OBJECT_ADD 30719121,34980798,-20.000000,62 
OBJECT_ADD 30724497,34977400,-20.000000,62 
OBJECT_ADD 30770142,35031514,-20.000000,62 
OBJECT_ADD 30799923,34979308,-20.000000,62 
OBJECT_ADD 30799158,34973740,0.000000,62 
OBJECT_ADD 30791404,35074833,0.000000,62 
OBJECT_ADD 30761045,35079747,0.000000,62 
OBJECT_ADD 30776451,34995877,0.000000,62 
OBJECT_ADD 30771093,34995363,0.000000,62 
OBJECT_ADD 30782871,35061234,0.000000,62 
OBJECT_ADD 30798091,34998423,0.000000,62 
OBJECT_ADD 30802296,34998654,0.000000,62 
OBJECT_ADD 30772040,35022094,0.000000,62 
OBJECT_ADD 30777259,35014193,0.000000,62 
OBJECT_ADD 30737345,35040315,0.000000,62 
OBJECT_ADD 30756161,35000266,0.000000,62 
OBJECT_ADD 30764102,34997413,0.000000,62 
OBJECT_ADD 30766897,35009210,0.000000,62 
OBJECT_ADD 30765821,35002982,0.000000,62 
OBJECT_ADD 30732080,35039409,0.000000,62 
OBJECT_ADD 30684266,35033794,0.000000,62 
OBJECT_ADD 30730228,34996316,0.000000,62 
OBJECT_ADD 30676637,35034129,0.000000,62 
OBJECT_ADD 30670780,35032421,0.000000,62 
OBJECT_ADD 30670113,35024072,0.000000,62 
OBJECT_ADD 30679541,35031371,0.000000,62 
OBJECT_ADD 30711662,35034237,0.000000,62 
OBJECT_ADD 30710618,35031561,0.000000,62 
OBJECT_ADD 30725241,34996009,0.000000,62 
OBJECT_ADD 30757644,34998372,0.000000,62 
OBJECT_ADD 30780710,34995208,0.000000,62 
OBJECT_ADD 30751681,34997651,0.000000,62 
OBJECT_ADD 30678485,35026907,0.000000,62 
OBJECT_ADD 30709106,35089287,0.000000,62 
OBJECT_ADD 30682033,35047720,0.000000,62 
OBJECT_ADD 30720207,34994680,0.000000,62 
OBJECT_ADD 30683653,35055680,0.000000,62 
OBJECT_ADD 30766874,35032162,0.000000,62 
OBJECT_ADD 30775002,35087787,0.000000,62 
OBJECT_ADD 30773179,35071188,0.000000,62 
OBJECT_ADD 30742026,35039482,0.000000,62 
OBJECT_ADD 30716393,35093716,0.000000,62 
OBJECT_ADD 30706359,35098942,0.000000,62 
OBJECT_ADD 30710656,35100052,0.000000,62 
OBJECT_ADD 30746177,35037983,0.000000,62 
OBJECT_ADD 30703426,35085746,0.000000,62 
OBJECT_ADD 30684899,35002177,0.000000,62 
OBJECT_ADD 30687575,34993497,0.000000,62 
OBJECT_ADD 30681320,34988263,0.000000,62 
OBJECT_ADD 30687705,34981921,0.000000,62 
OBJECT_ADD 30695089,34992643,0.000000,62 
OBJECT_ADD 30701205,34991036,0.000000,62 
OBJECT_ADD 30698680,34983311,0.000000,62 
OBJECT_ADD 30690352,35001392,0.000000,62 
OBJECT_ADD 30697963,35004483,0.000000,62 
OBJECT_ADD 30681793,35006301,0.000000,62 
OBJECT_ADD 30689047,35007618,0.000000,62 
OBJECT_ADD 30696194,35009991,0.000000,62 
OBJECT_ADD 30690326,34987489,0.000000,62 
OBJECT_ADD 30673642,34983812,0.000000,62 
OBJECT_ADD 30674793,34977964,0.000000,62 
OBJECT_ADD 30681823,34970490,0.000000,62 
OBJECT_ADD 30689272,34973617,0.000000,62 
OBJECT_ADD 30686993,34969924,0.000000,62 
OBJECT_ADD 30694216,34969906,0.000000,62 
OBJECT_ADD 30702736,34972166,0.000000,62 
OBJECT_ADD 30706093,34970067,0.000000,62 
OBJECT_ADD 30707025,34965740,0.000000,62 
OBJECT_ADD 30699865,34967096,0.000000,62 
OBJECT_ADD 30703063,34961284,0.000000,62 
OBJECT_ADD 30707017,34960929,0.000000,62 
OBJECT_ADD 30723280,35005622,0.000000,62 
OBJECT_ADD 30792572,35050419,0.000000,62 
OBJECT_ADD 30795719,35057294,0.000000,62 
OBJECT_ADD 30814021,35060818,0.000000,62 
OBJECT_ADD 30728854,35112809,-23.000000,62 
OBJECT_ADD 30713810,35204996,-23.000000,62 
OBJECT_ADD 30748046,35203608,-23.000000,62 
OBJECT_ADD 30744281,35208549,-23.000000,62 
OBJECT_ADD 30706108,35218684,-23.000000,62 
OBJECT_ADD 30709314,35221056,-23.000000,62 
OBJECT_ADD 30713570,35223845,-23.000000,62 
OBJECT_ADD 30704624,35211602,-23.000000,62 
OBJECT_ADD 30704956,35207850,-23.000000,62 
OBJECT_ADD 30733344,35225697,-23.000000,62 
OBJECT_ADD 30735587,35224286,-23.000000,62 
OBJECT_ADD 30730268,35223304,-23.000000,62 
OBJECT_ADD 30733483,35218407,-23.000000,62 
OBJECT_ADD 30736060,35194500,-66.000000,63 
OBJECT_ADD 30749608,35221918,-77.000000,63 
OBJECT_ADD 30725589,35188306,0.000000,63 
OBJECT_ADD 30687845,35167180,0.000000,62 
OBJECT_ADD 30703754,35225457,0.000000,62 
OBJECT_ADD 30667008,35216297,0.000000,62 
OBJECT_ADD 30669784,35214318,0.000000,62 
OBJECT_ADD 30698567,35230751,0.000000,62 
OBJECT_ADD 30735833,35195559,0.000000,62 
OBJECT_ADD 30707711,35223850,0.000000,62 
OBJECT_ADD 30682394,35186377,0.000000,62 
OBJECT_ADD 30681640,35176823,0.000000,62 
OBJECT_ADD 30712011,35226758,0.000000,62 
OBJECT_ADD 30703299,35220619,0.000000,62 
OBJECT_ADD 30692337,35200278,0.000000,62 
OBJECT_ADD 30740065,35201361,0.000000,62 
OBJECT_ADD 30742040,35204183,0.000000,62 
OBJECT_ADD 30753590,35185811,0.000000,62 
OBJECT_ADD 30764881,35179702,0.000000,62 
OBJECT_ADD 30758567,35185199,0.000000,62 
OBJECT_ADD 30750312,35189804,0.000000,62 
OBJECT_ADD 30753521,35193433,0.000000,62 
OBJECT_ADD 30750752,35198468,0.000000,62 
OBJECT_ADD 30756504,35199443,0.000000,62 
OBJECT_ADD 30759867,35190562,0.000000,62 
OBJECT_ADD 30764370,35189365,0.000000,62 
OBJECT_ADD 30749473,35187407,0.000000,62 
OBJECT_ADD 30711023,35193645,0.000000,62 
OBJECT_ADD 30651911,35258441,0.000000,62 
OBJECT_ADD 30655185,35261188,0.000000,62 
OBJECT_ADD 30740714,35240911,0.000000,62 
OBJECT_ADD 30652870,35248301,0.000000,62 
OBJECT_ADD 30657848,35249932,0.000000,62 
OBJECT_ADD 30671110,35275551,0.000000,62 
OBJECT_ADD 30662047,35246926,0.000000,62 
OBJECT_ADD 30659389,35244771,0.000000,62 
OBJECT_ADD 30673558,35246099,0.000000,62 
OBJECT_ADD 30722249,35227545,0.000000,62 
OBJECT_ADD 30719326,35225100,0.000000,62 
OBJECT_ADD 30717546,35217241,0.000000,62 
OBJECT_ADD 30662401,35234054,0.000000,62 
OBJECT_ADD 30702065,35254317,0.000000,62 
OBJECT_ADD 30663348,35229761,0.000000,62 
OBJECT_ADD 30663849,35243358,0.000000,62 
OBJECT_ADD 30748345,35259573,0.000000,62 
OBJECT_ADD 30742322,35244843,0.000000,62 
OBJECT_ADD 30671025,35271490,0.000000,62 
OBJECT_ADD 30728346,35248971,0.000000,62 
OBJECT_ADD 30731318,35250040,0.000000,62 
OBJECT_ADD 30729047,35246119,0.000000,62 
OBJECT_ADD 30745587,35253578,0.000000,62 
OBJECT_ADD 30749094,35259525,0.000000,62 
OBJECT_ADD 30744956,35259147,0.000000,62 
OBJECT_ADD 30726393,35199658,0.000000,62 
OBJECT_ADD 30692611,35257816,0.000000,62 
OBJECT_ADD 30688338,35259763,0.000000,62 
OBJECT_ADD 30668538,35242389,0.000000,62 
OBJECT_ADD 30744770,35221120,0.000000,62 
OBJECT_ADD 30700907,35229632,0.000000,62 
OBJECT_ADD 30719337,35238216,0.000000,62 
OBJECT_ADD 30717983,35248260,0.000000,62 
OBJECT_ADD 30692426,35221858,0.000000,62 
OBJECT_ADD 30717736,35251127,0.000000,62 
OBJECT_ADD 30719604,35207327,0.000000,62 
OBJECT_ADD 30763527,35117681,-117.000000,62 
OBJECT_ADD 30751793,35101499,-117.000000,62 
OBJECT_ADD 30751069,35098397,-117.000000,62 
OBJECT_ADD 30750229,35095280,-117.000000,62 
OBJECT_ADD 30768556,35133232,-117.000000,62 
OBJECT_ADD 30773264,35133460,-117.000000,62 
OBJECT_ADD 30741938,35095472,-94.000000,63 
OBJECT_ADD 30775083,35111875,-117.000000,62 
OBJECT_ADD 30774417,35140550,-117.000000,62 
OBJECT_ADD 30760985,35098903,-117.000000,62 
OBJECT_ADD 30762702,35120928,-117.000000,62 
OBJECT_ADD 30774014,35136590,-117.000000,62 
OBJECT_ADD 30747134,35125655,-160.000000,63 
OBJECT_ADD 30751804,35113283,-171.000000,63 
OBJECT_ADD 30718281,35117701,-117.000000,62 
OBJECT_ADD 30777557,35128907,-117.000000,62 
OBJECT_ADD 30722434,35134176,-117.000000,62 
OBJECT_ADD 30716888,35133503,-117.000000,62 
OBJECT_ADD 30720943,35122011,-117.000000,62 
OBJECT_ADD 30730515,35124347,-117.000000,62 
OBJECT_ADD 30727348,35123474,-117.000000,62 
OBJECT_ADD 30727831,35116766,-117.000000,62 
OBJECT_ADD 30729348,35120797,-117.000000,62 
OBJECT_ADD 30746422,35117043,-117.000000,62 
OBJECT_ADD 30746177,35113116,-117.000000,62 
OBJECT_ADD 30770390,35099460,-171.000000,63 
OBJECT_ADD 30773215,35083834,-94.000000,63 
OBJECT_ADD 30765517,35113290,-117.000000,62 
OBJECT_ADD 30770881,35089625,-117.000000,62 
OBJECT_ADD 30773192,35086451,-117.000000,62 
OBJECT_ADD 30764543,35163018,0.000000,62 
OBJECT_ADD 30769246,35164103,0.000000,62 
OBJECT_ADD 30774002,35164944,0.000000,62 
OBJECT_ADD 30776030,35167970,0.000000,62 
OBJECT_ADD 30778122,35164175,0.000000,62 
OBJECT_ADD 30776467,35159603,0.000000,62 
OBJECT_ADD 30781070,35159776,0.000000,62 
OBJECT_ADD 30779266,35154503,0.000000,62 
OBJECT_ADD 30782674,35156416,0.000000,62 
OBJECT_ADD 30775834,35157008,0.000000,62 
OBJECT_ADD 30776754,35152395,0.000000,62 
OBJECT_ADD 30782862,35152479,0.000000,62 
OBJECT_ADD 30761141,35165753,0.000000,62 
OBJECT_ADD 30764270,35166896,0.000000,62 
OBJECT_ADD 30761754,35157743,0.000000,62 
OBJECT_ADD 30769728,35167238,0.000000,62 
OBJECT_ADD 30753970,35154250,0.000000,62 
OBJECT_ADD 30757204,35153403,0.000000,62 
OBJECT_ADD 30755562,35149047,0.000000,62 
OBJECT_ADD 30751395,35148604,0.000000,62 
OBJECT_ADD 30754960,35145970,0.000000,62 
OBJECT_ADD 30759003,35147258,0.000000,62 
OBJECT_ADD 30760035,35141255,0.000000,62 
OBJECT_ADD 30759613,35138314,0.000000,62 
OBJECT_ADD 30759856,35134510,0.000000,62 
OBJECT_ADD 30753822,35158266,0.000000,62 
OBJECT_ADD 30735228,35171636,0.000000,62 
OBJECT_ADD 30735349,35149802,0.000000,62 
OBJECT_ADD 30730178,35170956,0.000000,62 
OBJECT_ADD 30734382,35165597,0.000000,62 
OBJECT_ADD 30745193,35172151,0.000000,62 
OBJECT_ADD 30753969,35171445,0.000000,62 
OBJECT_ADD 30761820,35169499,0.000000,62 
OBJECT_ADD 30752549,35161600,0.000000,62 
OBJECT_ADD 30736255,35162195,0.000000,62 
OBJECT_ADD 30732023,35159586,0.000000,62 
OBJECT_ADD 30736068,35160108,0.000000,62 
OBJECT_ADD 30733372,35155293,0.000000,62 
OBJECT_ADD 30677671,35125991,0.000000,62 
OBJECT_ADD 30671105,35138973,0.000000,62 
OBJECT_ADD 30692554,35151235,0.000000,62 
OBJECT_ADD 30706363,35164390,0.000000,62 
OBJECT_ADD 30704550,35163442,0.000000,62 
OBJECT_ADD 30681209,35157240,0.000000,62 
OBJECT_ADD 30683481,35140844,0.000000,62 
OBJECT_ADD 30688703,35139359,0.000000,62 
OBJECT_ADD 30685867,35136961,0.000000,62 
OBJECT_ADD 30682310,35143634,0.000000,62 
OBJECT_ADD 30669336,35408891,0.000000,62 
OBJECT_ADD 30674102,35409362,0.000000,62 
OBJECT_ADD 30658404,35376189,0.000000,62 
OBJECT_ADD 30662402,35374428,0.000000,62 
OBJECT_ADD 30667153,35374487,0.000000,62 
OBJECT_ADD 30671377,35372034,0.000000,62 
OBJECT_ADD 30672561,35376533,0.000000,62 
OBJECT_ADD 30664678,35419935,0.000000,62 
OBJECT_ADD 30660710,35421738,0.000000,62 
OBJECT_ADD 30659582,35426674,0.000000,62 
OBJECT_ADD 30663542,35425703,0.000000,62 
OBJECT_ADD 30668995,35416738,0.000000,62 
OBJECT_ADD 30688886,35389483,0.000000,62 
OBJECT_ADD 30683031,35407541,0.000000,62 
OBJECT_ADD 30692476,35398653,0.000000,62 
OBJECT_ADD 30689271,35398505,0.000000,62 
OBJECT_ADD 30695060,35398654,0.000000,62 
OBJECT_ADD 30687443,35415282,0.000000,62 
OBJECT_ADD 30690040,35416609,0.000000,62 
OBJECT_ADD 30690445,35377268,0.000000,62 
OBJECT_ADD 30721335,35352626,-23.000000,62 
OBJECT_ADD 30693279,35388894,-23.000000,62 
OBJECT_ADD 30684818,35342984,-23.000000,62 
OBJECT_ADD 30696714,35364746,-23.000000,62 
OBJECT_ADD 30687945,35346267,-23.000000,62 
OBJECT_ADD 30707294,35339574,-23.000000,62 
OBJECT_ADD 30706210,35343582,-23.000000,62 
OBJECT_ADD 30708416,35347789,-23.000000,62 
OBJECT_ADD 30706950,35352161,-23.000000,62 
OBJECT_ADD 30709204,35359757,-23.000000,62 
OBJECT_ADD 30705553,35357973,-23.000000,62 
OBJECT_ADD 30701793,35359715,-23.000000,62 
OBJECT_ADD 30698897,35362503,-23.000000,62 
OBJECT_ADD 30679687,35362015,-66.000000,63 
OBJECT_ADD 30669574,35362719,-77.000000,63 
OBJECT_ADD 30666225,35367247,0.000000,63 
OBJECT_ADD 30664207,35318027,-23.000000,62 
OBJECT_ADD 30678136,35340952,-23.000000,62 
OBJECT_ADD 30698406,35281583,-23.000000,62 
OBJECT_ADD 30698927,35285164,-23.000000,62 
OBJECT_ADD 30723274,35323370,-23.000000,62 
OBJECT_ADD 30724734,35327148,-23.000000,62 
OBJECT_ADD 30720016,35330167,-23.000000,62 
OBJECT_ADD 30722250,35330856,-23.000000,62 
OBJECT_ADD 30751138,35310975,-23.000000,62 
OBJECT_ADD 30707734,35307890,-23.000000,62 
OBJECT_ADD 30708990,35311795,-23.000000,62 
OBJECT_ADD 30670139,35305606,-23.000000,62 
OBJECT_ADD 30711189,35335003,-23.000000,62 
OBJECT_ADD 30707847,35325287,-66.000000,63 
OBJECT_ADD 30726672,35359211,-77.000000,63 
OBJECT_ADD 30702216,35314015,0.000000,63 
OBJECT_ADD 30677733,35357686,0.000000,62 
OBJECT_ADD 30674389,35359601,0.000000,62 
OBJECT_ADD 30661578,35363431,0.000000,62 
OBJECT_ADD 30662470,35360102,0.000000,62 
OBJECT_ADD 30677658,35420194,0.000000,62 
OBJECT_ADD 30648119,35421179,0.000000,62 
OBJECT_ADD 30780045,35149831,-117.000000,62 
OBJECT_ADD 30793176,35129846,-117.000000,62 
OBJECT_ADD 30784503,35132894,-117.000000,62 
OBJECT_ADD 30764843,35065082,-20.000000,62 
OBJECT_ADD 30766176,35062944,-20.000000,62 
OBJECT_ADD 30778305,35066170,0.000000,62 
OBJECT_ADD 30787639,35067406,0.000000,62 
OBJECT_ADD 30788649,35071456,0.000000,62 
OBJECT_ADD 30781613,35071531,0.000000,62 
OBJECT_ADD 30782763,35074723,0.000000,62 
OBJECT_ADD 30776567,35074090,0.000000,62 
OBJECT_ADD 30775023,35076682,0.000000,62 
OBJECT_ADD 30770015,35079207,0.000000,62 
OBJECT_ADD 30765131,35078687,0.000000,62 
OBJECT_ADD 30767416,35070947,0.000000,62 
OBJECT_ADD 30809406,35052817,0.000000,62 
OBJECT_ADD 30813550,35054873,0.000000,62 
OBJECT_ADD 30817199,35056862,0.000000,62 
OBJECT_ADD 30819977,35040646,0.000000,62 
OBJECT_ADD 30824121,35005682,0.000000,62 
OBJECT_ADD 30826626,35006824,0.000000,62 
OBJECT_ADD 30817303,35022979,0.000000,62 
OBJECT_ADD 30821891,35022891,0.000000,62 
OBJECT_ADD 30822988,35042832,0.000000,62 
OBJECT_ADD 30808926,35048644,0.000000,62 
OBJECT_ADD 30754204,35155255,-160.000000,63 
OBJECT_ADD 30755663,35147640,-171.000000,63 
OBJECT_ADD 30776242,35123963,-117.000000,62 
OBJECT_ADD 30789948,35124059,-117.000000,62 
OBJECT_ADD 30662670,35189600,0.000000,62 
OBJECT_ADD 30654544,35194966,0.000000,62 
OBJECT_ADD 30617376,35206884,0.000000,62 
OBJECT_ADD 30620170,35205558,0.000000,62 
OBJECT_ADD 30618138,35202066,0.000000,62 
OBJECT_ADD 30591286,35330479,0.000000,62 
OBJECT_ADD 30587412,35328818,0.000000,62 
OBJECT_ADD 30582854,35324685,0.000000,62 
OBJECT_ADD 30591776,35323902,0.000000,62 
OBJECT_ADD 30586461,35295969,0.000000,62 
OBJECT_ADD 30619765,35279043,0.000000,62 
OBJECT_ADD 30615313,35275608,0.000000,62 
OBJECT_ADD 30576238,35337284,0.000000,62 
OBJECT_ADD 30577773,35342005,0.000000,62 
OBJECT_ADD 30577328,35349132,0.000000,62 
OBJECT_ADD 30577132,35307318,0.000000,62 
OBJECT_ADD 30575324,35302813,0.000000,62 
OBJECT_ADD 30622886,35284680,0.000000,62 
OBJECT_ADD 30632538,35190325,0.000000,62 
OBJECT_ADD 30630037,35191435,0.000000,62 
OBJECT_ADD 30623458,35193845,0.000000,62 
OBJECT_ADD 30626832,35189540,0.000000,62 
OBJECT_ADD 30631762,35182895,0.000000,62 
OBJECT_ADD 30634461,35178468,0.000000,62 
OBJECT_ADD 30642413,35171736,0.000000,62 
OBJECT_ADD 30620643,35197871,0.000000,62 
OBJECT_ADD 30416473,35755576,0.000000,62 
OBJECT_ADD 30413665,35761576,0.000000,62 
OBJECT_ADD 30434361,35754554,0.000000,62 
OBJECT_ADD 30441737,35753726,0.000000,62 
OBJECT_ADD 30440414,35759759,0.000000,62 
OBJECT_ADD 30441306,35748583,0.000000,62 
OBJECT_ADD 30441118,35743097,0.000000,62 
OBJECT_ADD 30425652,35758374,0.000000,62 
OBJECT_ADD 30429328,35755894,0.000000,62 
OBJECT_ADD 30445603,35749730,0.000000,62 
OBJECT_ADD 30446547,35753248,0.000000,62 
OBJECT_ADD 30420727,35756126,0.000000,62 
OBJECT_ADD 30436324,35786044,0.000000,62 
OBJECT_ADD 30424642,35786208,-23.000000,62 
OBJECT_ADD 30425352,35773931,-23.000000,62 
OBJECT_ADD 30449018,35777657,-23.000000,62 
OBJECT_ADD 30426176,35767543,-23.000000,62 
OBJECT_ADD 30436166,35769249,-23.000000,62 
OBJECT_ADD 30431980,35775582,-23.000000,62 
OBJECT_ADD 30446346,35745277,-23.000000,62 
OBJECT_ADD 30450732,35748251,-23.000000,62 
OBJECT_ADD 30468003,35756624,-23.000000,62 
OBJECT_ADD 30462196,35757883,-23.000000,62 
OBJECT_ADD 30467316,35763804,-23.000000,62 
OBJECT_ADD 30421957,35775053,-23.000000,62 
OBJECT_ADD 30438091,35778513,-23.000000,62 
OBJECT_ADD 30443846,35770770,-66.000000,63 
OBJECT_ADD 30412305,35785051,-77.000000,63 
OBJECT_ADD 30403365,35775832,0.000000,63 
OBJECT_ADD 30478019,35742656,0.000000,62 
OBJECT_ADD 30454678,35741412,0.000000,62 
OBJECT_ADD 30464402,35754598,0.000000,62 
OBJECT_ADD 30471651,35743978,0.000000,62 
OBJECT_ADD 30471738,35752857,0.000000,62 
OBJECT_ADD 30470243,35748936,0.000000,62 
OBJECT_ADD 30455669,35747887,0.000000,62 
OBJECT_ADD 30437604,35776978,0.000000,62 
OBJECT_ADD 30413990,35778900,0.000000,62 
OBJECT_ADD 30417990,35784833,0.000000,62 
OBJECT_ADD 30411313,35775651,0.000000,62 
OBJECT_ADD 30411733,35769662,0.000000,62 
OBJECT_ADD 30438240,35751490,0.000000,62 
OBJECT_ADD 30478469,35738973,0.000000,62 
OBJECT_ADD 30442136,35739386,0.000000,62 
OBJECT_ADD 30464158,35781118,0.000000,62 
OBJECT_ADD 30470803,35770719,0.000000,62 
OBJECT_ADD 30480693,35765548,0.000000,62 
OBJECT_ADD 30484958,35768725,0.000000,62 
OBJECT_ADD 30482320,35778087,0.000000,62 
OBJECT_ADD 30479412,35769976,0.000000,62 
OBJECT_ADD 30474450,35767245,0.000000,62 
OBJECT_ADD 30485608,35772863,0.000000,62 
OBJECT_ADD 30488642,35772109,0.000000,62 
OBJECT_ADD 30470445,35776965,0.000000,62 
OBJECT_ADD 30478514,35773362,0.000000,62 
OBJECT_ADD 30417617,35742647,0.000000,62 
OBJECT_ADD 30419098,35750442,0.000000,62 
OBJECT_ADD 30469007,35781323,0.000000,62 
OBJECT_ADD 30443669,35780797,0.000000,62 
OBJECT_ADD 30424426,35754656,0.000000,62 
OBJECT_ADD 30440986,35735574,0.000000,62 
OBJECT_ADD 30409960,35788812,0.000000,62 
OBJECT_ADD 30431706,35786631,0.000000,62 
OBJECT_ADD 30427252,35749746,0.000000,62 
OBJECT_ADD 30411182,35752640,0.000000,62 
OBJECT_ADD 30431620,35735946,0.000000,62 
OBJECT_ADD 30429484,35745969,0.000000,62 
OBJECT_ADD 30416735,35738267,0.000000,62 
OBJECT_ADD 30371279,35662417,0.000000,62 
OBJECT_ADD 30366609,35678512,0.000000,62 
OBJECT_ADD 30372996,35676738,0.000000,62 
OBJECT_ADD 30378819,35693681,0.000000,62 
OBJECT_ADD 30382302,35694782,0.000000,62 
OBJECT_ADD 30377012,35697724,0.000000,62 
OBJECT_ADD 30388685,35675604,0.000000,62 
OBJECT_ADD 30386574,35676068,0.000000,62 
OBJECT_ADD 30374768,35668567,0.000000,62 
OBJECT_ADD 30371276,35668612,0.000000,62 
OBJECT_ADD 30368703,35670510,0.000000,62 
OBJECT_ADD 30365921,35668242,0.000000,62 
OBJECT_ADD 30381604,35676525,0.000000,62 
OBJECT_ADD 30377590,35713925,0.000000,62 
OBJECT_ADD 30408563,35721323,0.000000,62 
OBJECT_ADD 30406351,35719567,0.000000,62 
OBJECT_ADD 30404621,35716789,0.000000,62 
OBJECT_ADD 30400798,35717615,0.000000,62 
OBJECT_ADD 30400996,35713466,0.000000,62 
OBJECT_ADD 30405012,35728863,0.000000,62 
OBJECT_ADD 30400716,35725208,0.000000,62 
OBJECT_ADD 30397955,35723580,0.000000,62 
OBJECT_ADD 30395246,35725429,0.000000,62 
OBJECT_ADD 30394950,35721517,0.000000,62 
OBJECT_ADD 30392783,35719513,0.000000,62 
OBJECT_ADD 30373876,35723507,0.000000,62 
OBJECT_ADD 30376299,35709497,0.000000,62 
OBJECT_ADD 30360762,35716706,0.000000,62 
OBJECT_ADD 30358966,35708309,0.000000,62 
OBJECT_ADD 30362247,35707395,0.000000,62 
OBJECT_ADD 30364333,35713306,0.000000,62 
OBJECT_ADD 30364281,35716531,0.000000,62 
OBJECT_ADD 30367023,35709337,0.000000,62 
OBJECT_ADD 30371767,35709411,0.000000,62 
OBJECT_ADD 30354040,35712411,0.000000,62 
OBJECT_ADD 30367781,35699409,0.000000,62 
OBJECT_ADD 30366256,35701857,0.000000,62 
OBJECT_ADD 30350307,35714313,0.000000,62 
OBJECT_ADD 30364092,35705331,0.000000,62 
OBJECT_ADD 30376214,35725850,0.000000,62 
OBJECT_ADD 30406142,35757344,0.000000,62 
OBJECT_ADD 30383088,35705866,0.000000,62 
OBJECT_ADD 30400189,35761101,0.000000,62 
OBJECT_ADD 30397769,35759140,0.000000,62 
OBJECT_ADD 30399473,35750798,0.000000,62 
OBJECT_ADD 30401922,35745436,0.000000,62 
OBJECT_ADD 30398213,35747090,0.000000,62 
OBJECT_ADD 30408058,35736961,0.000000,62 
OBJECT_ADD 30405008,35739382,0.000000,62 
OBJECT_ADD 30401781,35740555,0.000000,62 
OBJECT_ADD 30398321,35741923,0.000000,62 
OBJECT_ADD 30388999,35713596,0.000000,62 
OBJECT_ADD 30370003,35679924,0.000000,62 
OBJECT_ADD 30362240,35670106,0.000000,62 
OBJECT_ADD 30338095,35655404,0.000000,62 
OBJECT_ADD 30334159,35652426,0.000000,62 
OBJECT_ADD 30387392,35654732,0.000000,62 
OBJECT_ADD 30389068,35660481,0.000000,62 
OBJECT_ADD 30379897,35674016,0.000000,62 
OBJECT_ADD 30380368,35665853,0.000000,62 
OBJECT_ADD 30377570,35664572,0.000000,62 
OBJECT_ADD 30374380,35663502,0.000000,62 
OBJECT_ADD 30327921,35666976,0.000000,62 
OBJECT_ADD 30341980,35653603,0.000000,62 
OBJECT_ADD 30396731,35662352,0.000000,62 
OBJECT_ADD 30486242,35703253,0.000000,62 
OBJECT_ADD 30480864,35697170,0.000000,62 
OBJECT_ADD 30490204,35696057,0.000000,62 
OBJECT_ADD 30485776,35696638,0.000000,62 
OBJECT_ADD 30489162,35707990,0.000000,62 
OBJECT_ADD 30499745,35679677,0.000000,62 
OBJECT_ADD 30499859,35676348,0.000000,62 
OBJECT_ADD 30496471,35677013,0.000000,62 
OBJECT_ADD 30499164,35671776,0.000000,62 
OBJECT_ADD 30504337,35673041,0.000000,62 
OBJECT_ADD 30501752,35669034,0.000000,62 
OBJECT_ADD 30503051,35665350,0.000000,62 
OBJECT_ADD 30501215,35653035,0.000000,62 
OBJECT_ADD 30416397,35886163,0.000000,62 
OBJECT_ADD 30413591,35892092,0.000000,62 
OBJECT_ADD 30434287,35885070,0.000000,62 
OBJECT_ADD 30441663,35884242,0.000000,62 
OBJECT_ADD 30440340,35890275,0.000000,62 
OBJECT_ADD 30504541,35856292,0.000000,62 
OBJECT_ADD 30438244,35922764,0.000000,62 
OBJECT_ADD 30425578,35888890,0.000000,62 
OBJECT_ADD 30429254,35886410,0.000000,62 
OBJECT_ADD 30445529,35880246,0.000000,62 
OBJECT_ADD 30446473,35883764,0.000000,62 
OBJECT_ADD 30420653,35886642,0.000000,62 
OBJECT_ADD 30436250,35916560,0.000000,62 
OBJECT_ADD 30424568,35916724,-23.000000,62 
OBJECT_ADD 30425278,35904447,-23.000000,62 
OBJECT_ADD 30448944,35908173,-23.000000,62 
OBJECT_ADD 30426102,35898059,-23.000000,62 
OBJECT_ADD 30436092,35899765,-23.000000,62 
OBJECT_ADD 30431906,35906098,-23.000000,62 
OBJECT_ADD 30446272,35875793,-23.000000,62 
OBJECT_ADD 30450658,35878767,-23.000000,62 
OBJECT_ADD 30467929,35887140,-23.000000,62 
OBJECT_ADD 30462122,35888399,-23.000000,62 
OBJECT_ADD 30467242,35894320,-23.000000,62 
OBJECT_ADD 30421883,35905569,-23.000000,62 
OBJECT_ADD 30438017,35909029,-23.000000,62 
OBJECT_ADD 30443772,35901286,-66.000000,63 
OBJECT_ADD 30412231,35915567,-77.000000,63 
OBJECT_ADD 30403291,35906348,0.000000,63 
OBJECT_ADD 30477945,35873172,0.000000,62 
OBJECT_ADD 30454604,35871928,0.000000,62 
OBJECT_ADD 30464328,35885114,0.000000,62 
OBJECT_ADD 30471577,35874494,0.000000,62 
OBJECT_ADD 30471664,35883373,0.000000,62 
OBJECT_ADD 30470169,35879452,0.000000,62 
OBJECT_ADD 30455595,35878403,0.000000,62 
OBJECT_ADD 30437530,35907494,0.000000,62 
OBJECT_ADD 30413916,35909416,0.000000,62 
OBJECT_ADD 30417916,35915349,0.000000,62 
OBJECT_ADD 30411239,35906167,0.000000,62 
OBJECT_ADD 30411711,35900227,0.000000,62 
OBJECT_ADD 30437262,35883912,0.000000,62 
OBJECT_ADD 30478395,35869489,0.000000,62 
OBJECT_ADD 30489689,35849935,0.000000,62 
OBJECT_ADD 30489874,35853646,0.000000,62 
OBJECT_ADD 30470885,35901382,0.000000,62 
OBJECT_ADD 30480619,35896064,0.000000,62 
OBJECT_ADD 30474637,35865923,0.000000,62 
OBJECT_ADD 30479995,35859833,0.000000,62 
OBJECT_ADD 30490226,35860181,0.000000,62 
OBJECT_ADD 30474376,35897761,0.000000,62 
OBJECT_ADD 30486640,35856962,0.000000,62 
OBJECT_ADD 30489559,35886206,0.000000,62 
OBJECT_ADD 30487398,35888197,0.000000,62 
OBJECT_ADD 30501546,35878647,0.000000,62 
OBJECT_ADD 30480813,35876297,0.000000,62 
OBJECT_ADD 30419024,35880958,0.000000,62 
OBJECT_ADD 30484854,35861921,0.000000,62 
OBJECT_ADD 30443595,35911313,0.000000,62 
OBJECT_ADD 30424558,35885417,0.000000,62 
OBJECT_ADD 30480575,35865356,0.000000,62 
OBJECT_ADD 30409311,35919753,0.000000,62 
OBJECT_ADD 30431632,35917147,0.000000,62 
OBJECT_ADD 30428025,35879370,0.000000,62 
OBJECT_ADD 30422726,35921257,0.000000,62 
OBJECT_ADD 30401893,35920316,0.000000,62 
OBJECT_ADD 30485344,35876970,0.000000,62 
OBJECT_ADD 30473868,35879490,0.000000,62 
OBJECT_ADD 30487047,35801797,0.000000,62 
OBJECT_ADD 30481185,35793904,0.000000,62 
OBJECT_ADD 30477437,35856422,0.000000,62 
OBJECT_ADD 30492016,35803034,0.000000,62 
OBJECT_ADD 30495929,35800574,0.000000,62 
OBJECT_ADD 30499863,35801462,0.000000,62 
OBJECT_ADD 30493915,35846709,0.000000,62 
OBJECT_ADD 30507776,35828430,0.000000,62 
OBJECT_ADD 30501637,35835916,0.000000,62 
OBJECT_ADD 30497704,35838676,0.000000,62 
OBJECT_ADD 30502893,35845222,0.000000,62 
OBJECT_ADD 30506571,35846155,0.000000,62 
OBJECT_ADD 30507997,35861548,0.000000,62 
OBJECT_ADD 30622739,35724080,0.000000,62 
OBJECT_ADD 30637168,35726353,0.000000,62 
OBJECT_ADD 30634813,35724815,0.000000,62 
OBJECT_ADD 30622253,35721108,0.000000,62 
OBJECT_ADD 30622889,35717545,0.000000,62 
OBJECT_ADD 30631015,35747314,0.000000,62 
OBJECT_ADD 30642984,35763345,0.000000,62 
OBJECT_ADD 30571895,35789286,0.000000,62 
OBJECT_ADD 30568940,35793173,0.000000,62 
OBJECT_ADD 30637650,35800149,0.000000,62 
OBJECT_ADD 30641502,35795548,0.000000,62 
OBJECT_ADD 30635660,35792979,0.000000,62 
OBJECT_ADD 30633464,35800244,-23.000000,62 
OBJECT_ADD 30567572,35768900,-23.000000,62 
OBJECT_ADD 30631390,35791025,-23.000000,62 
OBJECT_ADD 30615584,35759314,-23.000000,62 
OBJECT_ADD 30613567,35763845,-23.000000,62 
OBJECT_ADD 30621320,35755227,-23.000000,62 
OBJECT_ADD 30598722,35763455,-23.000000,62 
OBJECT_ADD 30575055,35770642,-66.000000,63 
OBJECT_ADD 30642327,35757021,0.000000,62 
OBJECT_ADD 30645590,35757884,0.000000,62 
OBJECT_ADD 30646390,35752994,0.000000,62 
OBJECT_ADD 30661708,35760298,0.000000,62 
OBJECT_ADD 30658552,35758010,0.000000,62 
OBJECT_ADD 30655730,35754641,0.000000,62 
OBJECT_ADD 30657648,35748862,0.000000,62 
OBJECT_ADD 30621207,35729319,0.000000,62 
OBJECT_ADD 30598699,35772548,0.000000,62 
OBJECT_ADD 30602437,35770471,0.000000,62 
OBJECT_ADD 30605956,35766882,0.000000,62 
OBJECT_ADD 30627969,35770218,0.000000,62 
OBJECT_ADD 30626392,35767116,0.000000,62 
OBJECT_ADD 30617880,35757375,0.000000,62 
OBJECT_ADD 30620924,35768260,0.000000,62 
OBJECT_ADD 30573153,35770712,0.000000,62 
OBJECT_ADD 30559950,35782793,0.000000,62 
OBJECT_ADD 30617546,35746384,0.000000,62 
OBJECT_ADD 30563085,35773785,0.000000,62 
OBJECT_ADD 30563570,35798061,0.000000,62 
OBJECT_ADD 30567801,35785767,0.000000,62 
OBJECT_ADD 30559263,35795481,-23.000000,62 
OBJECT_ADD 30615419,35767560,-23.000000,62 
OBJECT_ADD 30580424,35777308,-23.000000,62 
OBJECT_ADD 30561578,35777358,-23.000000,62 
OBJECT_ADD 30608937,35765420,-23.000000,62 
OBJECT_ADD 30569568,35778236,-23.000000,62 
OBJECT_ADD 30588080,35772345,-77.000000,63 
OBJECT_ADD 30573463,35765470,0.000000,63 
OBJECT_ADD 30568017,35775120,0.000000,62 
OBJECT_ADD 30623672,35770061,0.000000,62 
OBJECT_ADD 30618384,35771491,0.000000,62 
OBJECT_ADD 30609781,35768862,0.000000,62 
OBJECT_ADD 30595564,35780769,0.000000,62 
OBJECT_ADD 30601851,35776616,0.000000,62 
OBJECT_ADD 30600413,35780974,0.000000,62 
OBJECT_ADD 30574788,35780517,0.000000,62 
OBJECT_ADD 30612574,35772183,0.000000,62 
OBJECT_ADD 30563112,35786282,0.000000,62 
OBJECT_ADD 30644432,35890637,0.000000,62 
OBJECT_ADD 30647705,35888288,0.000000,62 
OBJECT_ADD 30644845,35885640,0.000000,62 
OBJECT_ADD 30641060,35902820,0.000000,62 
OBJECT_ADD 30635777,35925391,0.000000,62 
OBJECT_ADD 30641220,35878860,0.000000,62 
OBJECT_ADD 30651070,35876355,0.000000,62 
OBJECT_ADD 30657003,35873989,0.000000,62 
OBJECT_ADD 30639014,35891050,0.000000,62 
OBJECT_ADD 30655715,35886460,0.000000,62 
OBJECT_ADD 30657054,35880662,0.000000,62 
OBJECT_ADD 30645374,35896759,0.000000,62 
OBJECT_ADD 30642675,35888092,0.000000,62 
OBJECT_ADD 30616459,35989983,0.000000,62 
OBJECT_ADD 30621587,35984646,0.000000,62 
OBJECT_ADD 30566573,36015881,0.000000,62 
OBJECT_ADD 30573891,36015012,0.000000,62 
OBJECT_ADD 30572568,36021045,0.000000,62 
OBJECT_ADD 30573460,36009869,0.000000,62 
OBJECT_ADD 30573272,36004383,0.000000,62 
OBJECT_ADD 30557806,36019660,0.000000,62 
OBJECT_ADD 30561482,36017180,0.000000,62 
OBJECT_ADD 30577757,36011016,0.000000,62 
OBJECT_ADD 30578701,36014534,0.000000,62 
OBJECT_ADD 30552881,36017412,0.000000,62 
OBJECT_ADD 30568478,36047330,0.000000,62 
OBJECT_ADD 30621701,35979548,-23.000000,62 
OBJECT_ADD 30557506,36035217,-23.000000,62 
OBJECT_ADD 30581172,36038943,-23.000000,62 
OBJECT_ADD 30558330,36028829,-23.000000,62 
OBJECT_ADD 30568320,36030535,-23.000000,62 
OBJECT_ADD 30563744,36037271,-23.000000,62 
OBJECT_ADD 30578500,36006563,-23.000000,62 
OBJECT_ADD 30582886,36009537,-23.000000,62 
OBJECT_ADD 30600157,36017910,-23.000000,62 
OBJECT_ADD 30594429,36019232,-23.000000,62 
OBJECT_ADD 30599470,36025090,-23.000000,62 
OBJECT_ADD 30628163,35977086,-23.000000,62 
OBJECT_ADD 30570245,36039799,-23.000000,62 
OBJECT_ADD 30576000,36032056,-66.000000,63 
OBJECT_ADD 30587208,35993850,-77.000000,63 
OBJECT_ADD 30554669,35993019,0.000000,63 
OBJECT_ADD 30610173,36003942,0.000000,62 
OBJECT_ADD 30586705,36002856,0.000000,62 
OBJECT_ADD 30596556,36015884,0.000000,62 
OBJECT_ADD 30603805,36005264,0.000000,62 
OBJECT_ADD 30603749,36014158,0.000000,62 
OBJECT_ADD 30602397,36010222,0.000000,62 
OBJECT_ADD 30587578,36010282,0.000000,62 
OBJECT_ADD 30569772,36038406,0.000000,62 
OBJECT_ADD 30632950,35975348,0.000000,62 
OBJECT_ADD 30619968,35973533,0.000000,62 
OBJECT_ADD 30605323,35996416,0.000000,62 
OBJECT_ADD 30582731,35991824,0.000000,62 
OBJECT_ADD 30570394,36012776,0.000000,62 
OBJECT_ADD 30610623,36000259,0.000000,62 
OBJECT_ADD 30573196,36000572,0.000000,62 
OBJECT_ADD 30619437,36015965,0.000000,62 
OBJECT_ADD 30583671,36021848,0.000000,62 
OBJECT_ADD 30605148,36027782,0.000000,62 
OBJECT_ADD 30593839,35977980,0.000000,62 
OBJECT_ADD 30614474,36039373,0.000000,62 
OBJECT_ADD 30602680,35980286,0.000000,62 
OBJECT_ADD 30613481,36006423,0.000000,62 
OBJECT_ADD 30610807,35989117,0.000000,62 
OBJECT_ADD 30613047,35992484,0.000000,62 
OBJECT_ADD 30577790,35978794,0.000000,62 
OBJECT_ADD 30612379,35996898,0.000000,62 
OBJECT_ADD 30577435,35982836,0.000000,62 
OBJECT_ADD 30561430,35986142,0.000000,62 
OBJECT_ADD 30616903,36009000,0.000000,62 
OBJECT_ADD 30575823,36042083,0.000000,62 
OBJECT_ADD 30556580,36015942,0.000000,62 
OBJECT_ADD 30573140,35996860,0.000000,62 
OBJECT_ADD 30608657,36010209,0.000000,62 
OBJECT_ADD 30563860,36047917,0.000000,62 
OBJECT_ADD 30558473,36010540,0.000000,62 
OBJECT_ADD 30573529,35993445,0.000000,62 
OBJECT_ADD 30563774,35997232,0.000000,62 
OBJECT_ADD 30561737,36008048,0.000000,62 
OBJECT_ADD 30560649,35995248,0.000000,62 
OBJECT_ADD 30601967,35946957,0.000000,62 
OBJECT_ADD 30618485,35959128,0.000000,62 
OBJECT_ADD 30607742,35942225,0.000000,62 
OBJECT_ADD 30635161,35931440,0.000000,62 
OBJECT_ADD 30631362,35931376,0.000000,62 
OBJECT_ADD 30628358,35931191,0.000000,62 
OBJECT_ADD 30608595,35943797,0.000000,62 
OBJECT_ADD 30625822,35973051,0.000000,62 
OBJECT_ADD 30629760,35970090,0.000000,62 
OBJECT_ADD 30633261,35966338,0.000000,62 
OBJECT_ADD 30639559,35958264,0.000000,62 
OBJECT_ADD 30642693,35957338,0.000000,62 
OBJECT_ADD 30627163,35947215,0.000000,62 
OBJECT_ADD 30650833,35746825,0.000000,62 
OBJECT_ADD 30649122,35743428,0.000000,62 
OBJECT_ADD 30633967,35750781,0.000000,62 
OBJECT_ADD 30616364,35768376,0.000000,62 
OBJECT_ADD 30610818,35769627,0.000000,62 
OBJECT_ADD 30617014,35772514,0.000000,62 
OBJECT_ADD 30620048,35771760,0.000000,62 
OBJECT_ADD 30613726,35777738,0.000000,62 
OBJECT_ADD 30609920,35773013,0.000000,62
OBJECT_ADD 30920553,34934237,-47.000000,62 
OBJECT_ADD 30925800,34936970,-47.000000,62 
OBJECT_ADD 30905995,34983797,-47.000000,62 
OBJECT_ADD 30931520,34936557,-47.000000,62 
OBJECT_ADD 30906315,34978037,-47.000000,62 
OBJECT_ADD 30910862,34991346,-47.000000,62 
OBJECT_ADD 30914861,34994078,-47.000000,62 
OBJECT_ADD 30921647,34993295,-47.000000,62 
OBJECT_ADD 30926096,34992500,-47.000000,62 
OBJECT_ADD 30909081,34942282,-47.000000,62 
OBJECT_ADD 30928204,34956764,-47.000000,62 
OBJECT_ADD 30909112,34952063,-47.000000,62 
OBJECT_ADD 30898036,34936553,-47.000000,62 
OBJECT_ADD 30905833,34941679,-47.000000,62 
OBJECT_ADD 30900317,34932884,-47.000000,62 
OBJECT_ADD 30886081,34963330,-47.000000,62 
OBJECT_ADD 30879862,34953161,-70.000000,62 
OBJECT_ADD 30892445,34949660,-70.000000,62 
OBJECT_ADD 30903763,34967330,-70.000000,62 
OBJECT_ADD 30918983,34968960,-70.000000,62 
OBJECT_ADD 30901559,34955025,-70.000000,62 
OBJECT_ADD 30862277,34980343,-70.000000,62 
OBJECT_ADD 30896288,34973774,-70.000000,62 
OBJECT_ADD 30895579,34960995,-70.000000,62 
OBJECT_ADD 30916857,34961638,-113.000000,63 
OBJECT_ADD 30886563,34988779,-124.000000,63 
OBJECT_ADD 30897211,34957768,-47.000000,62 
OBJECT_ADD 30874826,34974929,-47.000000,62 
OBJECT_ADD 30904801,34987499,-47.000000,62 
OBJECT_ADD 30894858,34964657,-47.000000,62 
OBJECT_ADD 30899844,34958444,-47.000000,62 
OBJECT_ADD 30917961,34930435,-47.000000,62 
OBJECT_ADD 30907889,34964770,-47.000000,62 
OBJECT_ADD 30898533,34965597,-47.000000,62 
OBJECT_ADD 30904428,34933069,-47.000000,62 
OBJECT_ADD 30868309,34957774,-47.000000,62 
OBJECT_ADD 30877522,34962130,-47.000000,62 
OBJECT_ADD 30902872,34960105,-47.000000,62 
OBJECT_ADD 30897593,34975974,-47.000000,62 
OBJECT_ADD 30925198,34949235,-70.000000,62 
OBJECT_ADD 30898931,34995601,-70.000000,62 
OBJECT_ADD 30903196,34993347,-70.000000,62 
OBJECT_ADD 30925045,34972106,-70.000000,62 
OBJECT_ADD 30930499,34963459,-47.000000,62 
OBJECT_ADD 30909962,34978841,-47.000000,62 
OBJECT_ADD 30921184,34978584,-47.000000,62 
OBJECT_ADD 30926057,34967856,-47.000000,62 
OBJECT_ADD 30930354,34985027,-47.000000,62 
OBJECT_ADD 30927286,34977112,-47.000000,62 
OBJECT_ADD 30929406,34988732,-47.000000,62 
OBJECT_ADD 30929007,34994934,-47.000000,62 
OBJECT_ADD 30918617,34981465,-47.000000,62 
OBJECT_ADD 30925313,34984689,-47.000000,62 
OBJECT_ADD 30906218,34991274,-47.000000,62 
OBJECT_ADD 30932687,34998258,-47.000000,63 
OBJECT_ADD 30911929,35024799,0.000000,62 
OBJECT_ADD 30913871,35021035,0.000000,62 
OBJECT_ADD 30916241,35021490,0.000000,62 
OBJECT_ADD 30920016,35024951,0.000000,62 
OBJECT_ADD 30922456,35026003,0.000000,62 
OBJECT_ADD 30914912,35037984,0.000000,62 
OBJECT_ADD 30917753,35043107,0.000000,62 
OBJECT_ADD 30911866,35013298,0.000000,62 
OBJECT_ADD 30904029,35032297,0.000000,62 
OBJECT_ADD 30905152,35010382,0.000000,62 
OBJECT_ADD 30902719,35012464,0.000000,62 
OBJECT_ADD 30900171,35014303,0.000000,62 
OBJECT_ADD 30899324,35010294,0.000000,62 
OBJECT_ADD 30899549,35007162,0.000000,62 
OBJECT_ADD 30920756,35038258,0.000000,62 
OBJECT_ADD 30920261,35042180,0.000000,62 
OBJECT_ADD 30921246,35046761,0.000000,62 
OBJECT_ADD 30926540,35054468,0.000000,62 
OBJECT_ADD 30921633,35051665,0.000000,62 
OBJECT_ADD 30919039,35048807,0.000000,62 
OBJECT_ADD 30910907,35006111,0.000000,62 
OBJECT_ADD 30903912,35020860,0.000000,62 
OBJECT_ADD 30908984,35021404,0.000000,62 
OBJECT_ADD 30906205,35023280,0.000000,62 
OBJECT_ADD 30909531,35026107,0.000000,62 
OBJECT_ADD 30908675,35007852,0.000000,62 
OBJECT_ADD 30926146,35091677,0.000000,62 
OBJECT_ADD 30930569,35093498,0.000000,62 
OBJECT_ADD 30931530,35101713,0.000000,62 
OBJECT_ADD 30931888,35106369,0.000000,62 
OBJECT_ADD 30926921,35107883,0.000000,62 
OBJECT_ADD 30927559,35113043,0.000000,62 
OBJECT_ADD 30924196,35113878,0.000000,62 
OBJECT_ADD 30925138,35120348,0.000000,62 
OBJECT_ADD 30928866,35078601,0.000000,62 
OBJECT_ADD 30924247,35088428,0.000000,62 
OBJECT_ADD 30926418,35084198,0.000000,62 
OBJECT_ADD 30928488,35071549,0.000000,62 
OBJECT_ADD 30929750,35074043,0.000000,62 
OBJECT_ADD 30944700,34988027,-70.000000,62 
OBJECT_ADD 30940860,34985373,-47.000000,62 
OBJECT_ADD 30945440,34978102,-47.000000,62 
OBJECT_ADD 30941642,34969774,-47.000000,62 
OBJECT_ADD 30950821,34966170,-47.000000,62 
OBJECT_ADD 30968488,34988110,-47.000000,62 
OBJECT_ADD 30962622,34988186,-47.000000,62 
OBJECT_ADD 30949855,34989321,-47.000000,62 
OBJECT_ADD 30955881,34957083,-47.000000,62 
OBJECT_ADD 30992726,34962885,0.000000,62 
OBJECT_ADD 31008574,34961859,0.000000,62 
OBJECT_ADD 31012743,34962599,0.000000,62 
OBJECT_ADD 31010955,34952746,0.000000,62 
OBJECT_ADD 31024730,34949974,0.000000,62 
OBJECT_ADD 31029401,34948756,0.000000,62 
OBJECT_ADD 31032109,34945110,0.000000,62 
OBJECT_ADD 31034714,34941584,0.000000,62 
OBJECT_ADD 31038652,34937844,0.000000,62 
OBJECT_ADD 31023498,34934814,0.000000,62 
OBJECT_ADD 31027624,34935558,0.000000,62 
OBJECT_ADD 31031584,34936244,0.000000,62 
OBJECT_ADD 30963070,34989771,0.000000,62 
OBJECT_ADD 30984905,34985300,0.000000,62 
OBJECT_ADD 30954486,34982777,0.000000,62 
OBJECT_ADD 30998878,34956330,0.000000,62 
OBJECT_ADD 30947619,34971975,0.000000,62 
OBJECT_ADD 30960956,34956485,0.000000,62 
OBJECT_ADD 30964982,34979970,0.000000,62 
OBJECT_ADD 30972335,34979246,0.000000,62 
OBJECT_ADD 30993230,34979220,0.000000,62 
OBJECT_ADD 30991320,34985098,0.000000,62 
OBJECT_ADD 31005692,34974906,0.000000,62 
OBJECT_ADD 30936282,34967803,-47.000000,62 
OBJECT_ADD 30940934,34981564,-47.000000,62 
OBJECT_ADD 30933698,34981904,-47.000000,62 
OBJECT_ADD 30934152,34987264,-47.000000,62 
OBJECT_ADD 30971404,34994500,-23.000000,62 
OBJECT_ADD 30984494,34983996,0.000000,62 
OBJECT_ADD 30980198,34985292,0.000000,62 
OBJECT_ADD 30976530,35046075,0.000000,62 
OBJECT_ADD 30976710,35014352,0.000000,62 
OBJECT_ADD 30960661,35058760,0.000000,62 
OBJECT_ADD 30997739,35046777,-23.000000,62 
OBJECT_ADD 30991798,35045918,-23.000000,62 
OBJECT_ADD 30989493,35043664,-23.000000,62 
OBJECT_ADD 30990168,35039764,-23.000000,62 
OBJECT_ADD 30987260,35035227,-23.000000,62 
OBJECT_ADD 30956095,35016569,-23.000000,62 
OBJECT_ADD 30967633,34996774,-23.000000,62 
OBJECT_ADD 30977776,35027413,-23.000000,62 
OBJECT_ADD 30984297,35032104,-23.000000,62 
OBJECT_ADD 30979088,35016526,-23.000000,62 
OBJECT_ADD 30975230,35017855,-23.000000,62 
OBJECT_ADD 30974742,35023571,-23.000000,62 
OBJECT_ADD 30999522,35028833,-66.000000,63 
OBJECT_ADD 30973216,35044704,-77.000000,63 
OBJECT_ADD 30965926,35041890,0.000000,63 
OBJECT_ADD 30944470,35055964,0.000000,62 
OBJECT_ADD 30943132,35053071,0.000000,62 
OBJECT_ADD 30945945,35053967,0.000000,62 
OBJECT_ADD 30949874,35054459,0.000000,62 
OBJECT_ADD 30942731,35032445,0.000000,62 
OBJECT_ADD 30940856,35035750,0.000000,62 
OBJECT_ADD 30951530,35043437,0.000000,62 
OBJECT_ADD 30951669,35049528,0.000000,62 
OBJECT_ADD 30949944,35033742,0.000000,62 
OBJECT_ADD 30950262,35030606,0.000000,62 
OBJECT_ADD 30944865,35029516,0.000000,62 
OBJECT_ADD 30945879,35025050,0.000000,62 
OBJECT_ADD 30950436,35037682,0.000000,62 
OBJECT_ADD 30938849,35053040,0.000000,62 
OBJECT_ADD 30957909,34997445,0.000000,62 
OBJECT_ADD 30948419,35013409,0.000000,62 
OBJECT_ADD 30991616,35030276,0.000000,62 
OBJECT_ADD 30994287,35035043,0.000000,62 
OBJECT_ADD 30995089,35042244,0.000000,62 
OBJECT_ADD 31000002,35013056,0.000000,62 
OBJECT_ADD 30999620,34998942,0.000000,62 
OBJECT_ADD 30996878,35004765,0.000000,62 
OBJECT_ADD 30993025,35004028,0.000000,62 
OBJECT_ADD 30971131,35001112,0.000000,62 
OBJECT_ADD 30938051,35088735,0.000000,62 
OBJECT_ADD 30936902,35092912,0.000000,62 
OBJECT_ADD 30933535,35095000,0.000000,62 
OBJECT_ADD 30935202,35098814,0.000000,62 
OBJECT_ADD 30953163,35120282,0.000000,62 
OBJECT_ADD 30953393,35124439,0.000000,62 
OBJECT_ADD 30954324,35100417,0.000000,62 
OBJECT_ADD 30951964,35085117,0.000000,62 
OBJECT_ADD 30955085,35085801,0.000000,62 
OBJECT_ADD 30962243,35087881,0.000000,62 
OBJECT_ADD 30940697,35086188,0.000000,62 
OBJECT_ADD 31004820,35102707,0.000000,62 
OBJECT_ADD 31001947,35101414,0.000000,62 
OBJECT_ADD 30997782,35100858,0.000000,62 
OBJECT_ADD 30994427,35104952,0.000000,62 
OBJECT_ADD 30993524,35108225,0.000000,62 
OBJECT_ADD 30992675,35113998,0.000000,62 
OBJECT_ADD 31000328,35121320,0.000000,62 
OBJECT_ADD 30995000,35122371,0.000000,62 
OBJECT_ADD 30991050,35124159,0.000000,62 
OBJECT_ADD 30987485,35125285,0.000000,62 
OBJECT_ADD 30984560,35127152,0.000000,62 
OBJECT_ADD 31004141,35115427,0.000000,62 
OBJECT_ADD 31061566,35090837,-88.000000,62 
OBJECT_ADD 31062890,35080959,-88.000000,62 
OBJECT_ADD 31032672,35090979,-88.000000,62 
OBJECT_ADD 31048163,35073114,-88.000000,62 
OBJECT_ADD 31039441,35081145,-88.000000,62 
OBJECT_ADD 31035572,35083994,-88.000000,62 
OBJECT_ADD 31044350,35077127,-88.000000,62 
OBJECT_ADD 31060991,35075793,-111.000000,62 
OBJECT_ADD 31015730,35079410,-88.000000,62 
OBJECT_ADD 31013360,35072702,-88.000000,62 
OBJECT_ADD 31029942,35089558,-88.000000,62 
OBJECT_ADD 31024769,35079315,-88.000000,62 
OBJECT_ADD 31021324,35077889,-88.000000,62 
OBJECT_ADD 31027444,35064496,-88.000000,62 
OBJECT_ADD 31027226,35085222,-88.000000,62 
OBJECT_ADD 31018459,35080867,-88.000000,62 
OBJECT_ADD 31039722,35103572,-88.000000,62 
OBJECT_ADD 31043636,35098799,-88.000000,62 
OBJECT_ADD 31052923,35096192,-88.000000,62 
OBJECT_ADD 31045032,35101169,-88.000000,62 
OBJECT_ADD 31051141,35125239,-88.000000,62 
OBJECT_ADD 31048476,35123588,-88.000000,62 
OBJECT_ADD 31043323,35107729,-88.000000,62 
OBJECT_ADD 31048191,35103330,-88.000000,62 
OBJECT_ADD 31053574,35106671,-111.000000,62 
OBJECT_ADD 31052493,35114146,-111.000000,62 
OBJECT_ADD 31051188,35120771,-111.000000,62 
OBJECT_ADD 31054020,35111502,-88.000000,63 
OBJECT_ADD 31026357,35099991,-88.000000,62 
OBJECT_ADD 31016748,35094118,-88.000000,62 
OBJECT_ADD 31024204,35096669,-88.000000,62 
OBJECT_ADD 31033465,35109726,-111.000000,62 
OBJECT_ADD 31031663,35119921,-111.000000,62 
OBJECT_ADD 30954121,35127786,0.000000,62 
OBJECT_ADD 30941674,35130837,0.000000,62 
OBJECT_ADD 31003053,35127319,0.000000,62 
OBJECT_ADD 31037086,35155149,-88.000000,62 
OBJECT_ADD 31041135,35154262,-88.000000,62 
OBJECT_ADD 31063749,35149550,-88.000000,62 
OBJECT_ADD 31103524,35047547,-88.000000,62 
OBJECT_ADD 31092373,35089645,-88.000000,62 
OBJECT_ADD 31176286,35060199,-88.000000,63 
OBJECT_ADD 31188169,35101836,-88.000000,63 
OBJECT_ADD 31144677,35075547,-88.000000,62 
OBJECT_ADD 31184611,35083122,-88.000000,62 
OBJECT_ADD 31153136,35088522,-88.000000,62 
OBJECT_ADD 31160908,35079570,-88.000000,62 
OBJECT_ADD 31164997,35091554,-88.000000,62 
OBJECT_ADD 31182657,35070748,-88.000000,62 
OBJECT_ADD 31168039,35089019,-88.000000,62 
OBJECT_ADD 31171086,35093439,33.000000,62 
OBJECT_ADD 31191786,35083931,33.000000,62 
OBJECT_ADD 31161452,35082507,-111.000000,62 
OBJECT_ADD 31155153,35040506,-111.000000,62 
OBJECT_ADD 31138003,35059838,-111.000000,62 
OBJECT_ADD 31137026,35068737,-111.000000,62 
OBJECT_ADD 31100272,35047037,-111.000000,62 
OBJECT_ADD 31141279,35073317,-111.000000,62 
OBJECT_ADD 31145733,35043353,-111.000000,62 
OBJECT_ADD 31152392,35095563,-111.000000,62 
OBJECT_ADD 31149680,35055715,-111.000000,62 
OBJECT_ADD 31102966,35051468,-154.000000,63 
OBJECT_ADD 31146100,35054699,-111.000000,62 
OBJECT_ADD 31124293,35068334,-111.000000,62 
OBJECT_ADD 31167758,35093162,-111.000000,62 
OBJECT_ADD 31130991,35069492,-111.000000,62 
OBJECT_ADD 31130137,35033626,-111.000000,62 
OBJECT_ADD 31179599,35112650,-111.000000,62 
OBJECT_ADD 31094636,35080203,-111.000000,62 
OBJECT_ADD 31103112,35079666,-111.000000,62 
OBJECT_ADD 31110101,35077446,-111.000000,62 
OBJECT_ADD 31185765,35091861,-111.000000,62 
OBJECT_ADD 31137733,35039796,-154.000000,63 
OBJECT_ADD 31161589,35056600,-165.000000,63 
OBJECT_ADD 31096263,35090052,-88.000000,62 
OBJECT_ADD 31142000,35032387,-88.000000,62 
OBJECT_ADD 31104230,35092698,-88.000000,62 
OBJECT_ADD 31135796,35037749,-88.000000,62 
OBJECT_ADD 31156980,35089731,-88.000000,62 
OBJECT_ADD 31183531,35100346,-88.000000,62 
OBJECT_ADD 31159487,35073413,-88.000000,62 
OBJECT_ADD 31188911,35093921,-88.000000,62 
OBJECT_ADD 31189818,35074365,-88.000000,62 
OBJECT_ADD 31188463,35078753,-88.000000,62 
OBJECT_ADD 31074140,35055626,-88.000000,62 
OBJECT_ADD 31101325,35094359,-88.000000,62 
OBJECT_ADD 31065855,35088766,-88.000000,62 
OBJECT_ADD 31069046,35082844,-88.000000,62 
OBJECT_ADD 31090310,35094649,-88.000000,62 
OBJECT_ADD 31072209,35076424,-111.000000,62 
OBJECT_ADD 31081968,35068213,-88.000000,62 
OBJECT_ADD 31193526,35125634,-33.000000,63 
OBJECT_ADD 31150997,35124942,33.000000,62 
OBJECT_ADD 31156811,35117679,33.000000,62 
OBJECT_ADD 31155765,35123175,33.000000,62 
OBJECT_ADD 31159730,35123824,33.000000,62 
OBJECT_ADD 31162767,35122166,33.000000,62 
OBJECT_ADD 31165475,35124379,33.000000,62 
OBJECT_ADD 31172488,35120661,33.000000,62 
OBJECT_ADD 31175732,35119471,33.000000,62 
OBJECT_ADD 31168693,35118956,33.000000,62 
OBJECT_ADD 31100213,35032445,-111.000000,62 
OBJECT_ADD 31104276,35033901,-111.000000,62 
OBJECT_ADD 31142271,35127264,-111.000000,62 
OBJECT_ADD 31089731,35119390,-111.000000,62 
OBJECT_ADD 31093131,35120094,-111.000000,62 
OBJECT_ADD 31111778,35110394,-111.000000,62 
OBJECT_ADD 31114021,35107735,-111.000000,62 
OBJECT_ADD 31094771,35096218,-88.000000,62 
OBJECT_ADD 31105770,35097793,-88.000000,62 
OBJECT_ADD 31097068,35093563,-88.000000,62 
OBJECT_ADD 31144603,35124539,-88.000000,62 
OBJECT_ADD 31104903,35116833,-88.000000,62 
OBJECT_ADD 31101100,35112619,-88.000000,62 
OBJECT_ADD 31098432,35109109,-88.000000,62 
OBJECT_ADD 31095693,35105837,-88.000000,62 
OBJECT_ADD 31101721,35098266,-88.000000,62 
OBJECT_ADD 31109691,35097258,-88.000000,62 
OBJECT_ADD 31108110,35092219,-88.000000,62 
OBJECT_ADD 31159170,35120334,33.000000,62 
OBJECT_ADD 31092184,35103251,-88.000000,62 
OBJECT_ADD 31069198,35102363,-88.000000,62 
OBJECT_ADD 31065724,35096070,-88.000000,62 
OBJECT_ADD 31083318,35106391,-111.000000,62 
OBJECT_ADD 31075342,35107657,-111.000000,62 
OBJECT_ADD 31073316,35111587,-111.000000,62 
OBJECT_ADD 31077918,35115082,-111.000000,62 
OBJECT_ADD 31079443,35121446,-111.000000,62 
OBJECT_ADD 31067881,35104487,-154.000000,63 
OBJECT_ADD 31078749,35115226,-165.000000,63 
OBJECT_ADD 31078888,35126080,-111.000000,62 
OBJECT_ADD 31104986,35125149,-88.000000,62 
OBJECT_ADD 31194453,35111197,0.000000,63 
OBJECT_ADD 31189786,35116070,0.000000,62 
OBJECT_ADD 31193109,35118546,0.000000,62 
OBJECT_ADD 31150105,35130266,-88.000000,62 
OBJECT_ADD 31153007,35136334,-88.000000,62 
OBJECT_ADD 31151821,35133042,-88.000000,62 
OBJECT_ADD 31160920,35198136,-88.000000,62 
OBJECT_ADD 31157673,35199278,33.000000,62 
OBJECT_ADD 31165366,35200499,33.000000,62 
OBJECT_ADD 31171045,35202754,10.000000,62 
OBJECT_ADD 31167770,35182135,10.000000,62 
OBJECT_ADD 31173879,35171641,10.000000,62 
OBJECT_ADD 31189605,35187734,33.000000,62 
OBJECT_ADD 31194897,35178342,33.000000,62 
OBJECT_ADD 31174160,35171940,-165.000000,63 
OBJECT_ADD 31148926,35137893,33.000000,62 
OBJECT_ADD 31146996,35141512,33.000000,62 
OBJECT_ADD 31150784,35140769,33.000000,62 
OBJECT_ADD 31159011,35144600,33.000000,62 
OBJECT_ADD 31152518,35143975,33.000000,62 
OBJECT_ADD 31168930,35136680,33.000000,62 
OBJECT_ADD 31170770,35133668,33.000000,62 
OBJECT_ADD 31171444,35129203,33.000000,62 
OBJECT_ADD 31179213,35133293,33.000000,62 
OBJECT_ADD 31181301,35129472,33.000000,62 
OBJECT_ADD 31173037,35155657,33.000000,62 
OBJECT_ADD 31188133,35137433,10.000000,62 
OBJECT_ADD 31176911,35139375,-44.000000,63 
OBJECT_ADD 31190356,35147465,33.000000,63 
OBJECT_ADD 31185809,35141331,33.000000,62 
OBJECT_ADD 31184035,35145386,33.000000,62 
OBJECT_ADD 31180623,35148810,33.000000,62 
OBJECT_ADD 31172644,35153516,33.000000,62 
OBJECT_ADD 31166380,35139172,33.000000,62 
OBJECT_ADD 31154974,35146118,33.000000,62 
OBJECT_ADD 31110250,35139809,-88.000000,62 
OBJECT_ADD 31112690,35141975,-88.000000,62 
OBJECT_ADD 31143707,35139325,33.000000,62 
OBJECT_ADD 31127343,35130599,33.000000,62 
OBJECT_ADD 31135513,35185958,33.000000,62 
OBJECT_ADD 31138377,35187338,33.000000,62 
OBJECT_ADD 31142067,35189090,33.000000,62 
OBJECT_ADD 31126058,35137808,33.000000,62 
OBJECT_ADD 31128163,35136249,33.000000,62 
OBJECT_ADD 31153847,35154650,33.000000,62 
OBJECT_ADD 31135846,35164014,33.000000,62 
OBJECT_ADD 31083729,35197968,-111.000000,62 
OBJECT_ADD 31071173,35173170,-111.000000,62 
OBJECT_ADD 31075036,35174086,-111.000000,62 
OBJECT_ADD 31102205,35163107,-111.000000,62 
OBJECT_ADD 31102369,35160372,-111.000000,62 
OBJECT_ADD 31112250,35171093,-111.000000,62 
OBJECT_ADD 31125451,35176953,-111.000000,62 
OBJECT_ADD 31114432,35173856,-111.000000,62 
OBJECT_ADD 31093091,35167353,-111.000000,62 
OBJECT_ADD 31094872,35164220,-111.000000,62 
OBJECT_ADD 31105355,35168117,-111.000000,62 
OBJECT_ADD 31102336,35165948,-111.000000,62 
OBJECT_ADD 31075067,35176580,-111.000000,62 
OBJECT_ADD 31114245,35144042,-154.000000,63 
OBJECT_ADD 31125803,35161301,-165.000000,63 
OBJECT_ADD 31136565,35142433,-88.000000,63 
OBJECT_ADD 31157186,35191258,-88.000000,62 
OBJECT_ADD 31151594,35188439,-88.000000,62 
OBJECT_ADD 31142826,35188055,-88.000000,62 
OBJECT_ADD 31110451,35140489,-88.000000,62 
OBJECT_ADD 31094512,35132862,-88.000000,62 
OBJECT_ADD 31096734,35160658,-88.000000,62 
OBJECT_ADD 31133006,35164599,-88.000000,62 
OBJECT_ADD 31089253,35153595,-88.000000,62 
OBJECT_ADD 31228606,35085176,-88.000000,62 
OBJECT_ADD 31211114,35061644,-88.000000,62 
OBJECT_ADD 31228264,35073189,-88.000000,62 
OBJECT_ADD 31198730,35083614,33.000000,62 
OBJECT_ADD 31233019,35088691,-88.000000,62 
OBJECT_ADD 31204088,35098453,0.000000,62 
OBJECT_ADD 31199451,35083539,0.000000,62 
OBJECT_ADD 31221388,35098532,0.000000,62 
OBJECT_ADD 31228764,35097704,0.000000,62 
OBJECT_ADD 31227441,35103737,0.000000,62 
OBJECT_ADD 31228333,35092561,0.000000,62 
OBJECT_ADD 31228145,35087075,0.000000,62 
OBJECT_ADD 31212679,35102352,0.000000,62 
OBJECT_ADD 31216355,35099872,0.000000,62 
OBJECT_ADD 31232630,35093708,0.000000,62 
OBJECT_ADD 31233574,35097226,0.000000,62 
OBJECT_ADD 31207846,35101512,0.000000,62 
OBJECT_ADD 31212379,35117909,-23.000000,62 
OBJECT_ADD 31235406,35122684,-23.000000,62 
OBJECT_ADD 31211377,35113908,-23.000000,62 
OBJECT_ADD 31223193,35113227,-23.000000,62 
OBJECT_ADD 31219007,35119560,-23.000000,62 
OBJECT_ADD 31233373,35089255,-23.000000,62 
OBJECT_ADD 31237759,35092229,-23.000000,62 
OBJECT_ADD 31255030,35100602,-23.000000,62 
OBJECT_ADD 31249223,35101861,-23.000000,62 
OBJECT_ADD 31254343,35107782,-23.000000,62 
OBJECT_ADD 31208984,35119031,-23.000000,62 
OBJECT_ADD 31225118,35122491,-23.000000,62 
OBJECT_ADD 31230873,35114748,-66.000000,63 
OBJECT_ADD 31265046,35086634,0.000000,62 
OBJECT_ADD 31241705,35085390,0.000000,62 
OBJECT_ADD 31250521,35099387,0.000000,62 
OBJECT_ADD 31257010,35088011,0.000000,62 
OBJECT_ADD 31258765,35096835,0.000000,62 
OBJECT_ADD 31257270,35092914,0.000000,62 
OBJECT_ADD 31242338,35093350,0.000000,62 
OBJECT_ADD 31223671,35118489,0.000000,62 
OBJECT_ADD 31202304,35114366,0.000000,62 
OBJECT_ADD 31225267,35095468,0.000000,62 
OBJECT_ADD 31265496,35082951,0.000000,62 
OBJECT_ADD 31229163,35083364,0.000000,62 
OBJECT_ADD 31251185,35125096,0.000000,62 
OBJECT_ADD 31257830,35114697,0.000000,62 
OBJECT_ADD 31267720,35109526,0.000000,62 
OBJECT_ADD 31269347,35122065,0.000000,62 
OBJECT_ADD 31266439,35113954,0.000000,62 
OBJECT_ADD 31261477,35111223,0.000000,62 
OBJECT_ADD 31255548,35121719,0.000000,62 
OBJECT_ADD 31265541,35117340,0.000000,62 
OBJECT_ADD 31229546,35072700,0.000000,62 
OBJECT_ADD 31216061,35069970,0.000000,62 
OBJECT_ADD 31256034,35125301,0.000000,62 
OBJECT_ADD 31230696,35124775,0.000000,62 
OBJECT_ADD 31211453,35098634,0.000000,62 
OBJECT_ADD 31228389,35079125,0.000000,62 
OBJECT_ADD 31230271,35101732,0.000000,62 
OBJECT_ADD 31211975,35122180,0.000000,62 
OBJECT_ADD 31218647,35079924,0.000000,62 
OBJECT_ADD 31216067,35090882,0.000000,62 
OBJECT_ADD 31213879,35124896,0.000000,62 
OBJECT_ADD 31271985,35112703,0.000000,62 
OBJECT_ADD 31272635,35116841,0.000000,62 
OBJECT_ADD 31275669,35116087,0.000000,62 
OBJECT_ADD 31234840,35206387,-88.000000,62 
OBJECT_ADD 31237802,35189304,-88.000000,62 
OBJECT_ADD 31208245,35201663,-88.000000,62 
OBJECT_ADD 31214519,35201625,33.000000,62 
OBJECT_ADD 31238177,35150852,33.000000,62 
OBJECT_ADD 31232725,35161047,10.000000,62 
OBJECT_ADD 31240702,35183455,10.000000,62 
OBJECT_ADD 31242187,35175537,10.000000,62 
OBJECT_ADD 31243504,35178014,33.000000,62 
OBJECT_ADD 31244615,35178156,33.000000,62 
OBJECT_ADD 31242383,35174378,33.000000,62 
OBJECT_ADD 31209310,35138046,10.000000,62 
OBJECT_ADD 31227234,35159968,33.000000,62 
OBJECT_ADD 31229266,35164240,33.000000,62 
OBJECT_ADD 31226737,35166465,33.000000,62 
OBJECT_ADD 31217566,35170219,33.000000,62 
OBJECT_ADD 31216510,35198311,33.000000,62 
OBJECT_ADD 31211551,35196198,33.000000,62 
OBJECT_ADD 31209086,35175868,33.000000,62 
OBJECT_ADD 31204975,35175668,33.000000,62 
OBJECT_ADD 31199591,35178079,33.000000,62 
OBJECT_ADD 31197226,35155354,10.000000,62 
OBJECT_ADD 31241220,35139191,10.000000,62 
OBJECT_ADD 31197628,35150791,10.000000,62 
OBJECT_ADD 31233520,35168699,33.000000,62 
OBJECT_ADD 31197904,35146809,33.000000,62 
OBJECT_ADD 31210968,35173330,33.000000,62 
OBJECT_ADD 31196812,35129123,10.000000,62 
OBJECT_ADD 31195170,35161841,33.000000,62 
OBJECT_ADD 31202316,35131618,10.000000,62 
OBJECT_ADD 31200094,35143173,33.000000,62 
OBJECT_ADD 31234085,35189110,33.000000,62 
OBJECT_ADD 31201738,35212289,33.000000,62 
OBJECT_ADD 31202791,35209168,33.000000,62 
OBJECT_ADD 31220809,35195942,-88.000000,62 
OBJECT_ADD 31223766,35128581,0.000000,62 
OBJECT_ADD 31210154,35131797,-23.000000,62 
OBJECT_ADD 31199332,35129029,-77.000000,63 
OBJECT_ADD 31204307,35130368,0.000000,62 
OBJECT_ADD 31200285,35152126,0.000000,62 
OBJECT_ADD 31243402,35141399,0.000000,62 
OBJECT_ADD 31247156,35202059,0.000000,62 
OBJECT_ADD 31271133,35176282,0.000000,62 
OBJECT_ADD 31265175,35194467,0.000000,62 
OBJECT_ADD 31249389,35187785,0.000000,62 
OBJECT_ADD 31254540,35187342,0.000000,62 
OBJECT_ADD 31258509,35183318,0.000000,62 
OBJECT_ADD 31262311,35186702,0.000000,62 
OBJECT_ADD 31266262,35187428,0.000000,62 
OBJECT_ADD 31270923,35188938,0.000000,62 
OBJECT_ADD 31270219,35191846,0.000000,62 
OBJECT_ADD 31273781,35190181,0.000000,62 
OBJECT_ADD 31264757,35166379,0.000000,62 
OBJECT_ADD 31285056,35155503,0.000000,62 
OBJECT_ADD 31231387,35193362,0.000000,62 
OBJECT_ADD 31299274,35181735,0.000000,62 
OBJECT_ADD 31266257,35164173,0.000000,62 
OBJECT_ADD 31239201,35192926,0.000000,62 
OBJECT_ADD 31259152,35204729,0.000000,62 
OBJECT_ADD 31271800,35199824,0.000000,62 
OBJECT_ADD 31271076,35196600,0.000000,62 
OBJECT_ADD 31290283,35198961,0.000000,62 
OBJECT_ADD 31294497,35200128,0.000000,62 
OBJECT_ADD 31282517,35189990,0.000000,62 
OBJECT_ADD 31297813,35201870,0.000000,62 
OBJECT_ADD 31287832,35191793,0.000000,62 
OBJECT_ADD 31229569,35169966,0.000000,62 
OBJECT_ADD 31268735,35230254,0.000000,62 
OBJECT_ADD 31264104,35218026,0.000000,62 
OBJECT_ADD 31266284,35221224,0.000000,62 
OBJECT_ADD 31269403,35223639,0.000000,62 
OBJECT_ADD 31272340,35228376,0.000000,62 
OBJECT_ADD 31275559,35225165,0.000000,62 
OBJECT_ADD 31276564,35216953,0.000000,62 
OBJECT_ADD 31276843,35220974,0.000000,62 
OBJECT_ADD 31280176,35221910,0.000000,62 
OBJECT_ADD 31281818,35218014,0.000000,62 
OBJECT_ADD 31287426,35217297,0.000000,62 
OBJECT_ADD 31292873,35215329,0.000000,62 
OBJECT_ADD 31297798,35222089,0.000000,62 
OBJECT_ADD 31295203,35235397,0.000000,62 
OBJECT_ADD 31287609,35247064,0.000000,62 
OBJECT_ADD 31285150,35243373,0.000000,62 
OBJECT_ADD 31302533,35203181,0.000000,62 
OBJECT_ADD 31223222,35217016,0.000000,62 
OBJECT_ADD 31235663,35212360,0.000000,62 
OBJECT_ADD 31231264,35208664,0.000000,62 
OBJECT_ADD 31233474,35206454,0.000000,62 
OBJECT_ADD 31237319,35208566,0.000000,62 
OBJECT_ADD 31244670,35222239,0.000000,62 
OBJECT_ADD 31247901,35224994,0.000000,62 
OBJECT_ADD 31252707,35225878,0.000000,62 
OBJECT_ADD 31259453,35205745,0.000000,62 
OBJECT_ADD 31033858,34961539,0.000000,62 
OBJECT_ADD 31020841,34977118,0.000000,62 
OBJECT_ADD 31042965,34977561,0.000000,62 
OBJECT_ADD 31016409,34963489,0.000000,62 
OBJECT_ADD 31024098,34965626,0.000000,62 
OBJECT_ADD 31028820,34972071,0.000000,62 
OBJECT_ADD 31015992,34980632,-23.000000,62 
OBJECT_ADD 31026940,34969415,-23.000000,62 
OBJECT_ADD 31032384,34987892,-23.000000,62 
OBJECT_ADD 31034462,34982455,-23.000000,62 
OBJECT_ADD 31029637,34990122,-23.000000,62 
OBJECT_ADD 31026670,34994222,-23.000000,62 
OBJECT_ADD 31039213,35003719,-66.000000,63 
OBJECT_ADD 31026689,34968542,-77.000000,63 
OBJECT_ADD 31022613,34988484,0.000000,63 
OBJECT_ADD 31013962,34978914,0.000000,62 
OBJECT_ADD 31011666,34976955,0.000000,62 
OBJECT_ADD 31038834,34957874,0.000000,62 
OBJECT_ADD 31022334,34948565,0.000000,62 
OBJECT_ADD 31025754,34955034,0.000000,62 
OBJECT_ADD 31066744,34953689,0.000000,62 
OBJECT_ADD 31063960,34950684,0.000000,62 
OBJECT_ADD 31061862,34945657,0.000000,62 
OBJECT_ADD 31044066,34944516,0.000000,62 
OBJECT_ADD 31040138,34942094,0.000000,62 
OBJECT_ADD 31044314,34937514,0.000000,62 
OBJECT_ADD 31036327,34951493,0.000000,62 
OBJECT_ADD 31027682,34957852,0.000000,62 
OBJECT_ADD 31049115,34964887,0.000000,62 
OBJECT_ADD 31001931,34958022,0.000000,62 
OBJECT_ADD 31046873,34989840,0.000000,62 
OBJECT_ADD 31037049,35024604,0.000000,62 
OBJECT_ADD 31041055,35023316,0.000000,62 
OBJECT_ADD 31052690,34982938,0.000000,62 
OBJECT_ADD 31050836,34987434,0.000000,62 
OBJECT_ADD 31042590,34966755,0.000000,62 
OBJECT_ADD 31054862,34978293,0.000000,62 
OBJECT_ADD 31039625,34971135,0.000000,62 
OBJECT_ADD 31045955,34970222,0.000000,62 
OBJECT_ADD 31049537,34973464,0.000000,62 
OBJECT_ADD 31046545,34995092,-23.000000,62 
OBJECT_ADD 31052948,34970781,-23.000000,62 
OBJECT_ADD 31054155,34965101,-23.000000,62 
OBJECT_ADD 31060563,34975864,-23.000000,62 
OBJECT_ADD 31062732,34979430,-23.000000,62 
OBJECT_ADD 31049989,34994079,-23.000000,62 
OBJECT_ADD 31059777,34958341,0.000000,62 
OBJECT_ADD 31061146,34960966,0.000000,62 
OBJECT_ADD 31066185,34971158,0.000000,62 
OBJECT_ADD 31073173,34978320,0.000000,62 
OBJECT_ADD 31073673,34983239,0.000000,62 
OBJECT_ADD 31070189,34972542,0.000000,62 
OBJECT_ADD 31066295,34962033,0.000000,62 
OBJECT_ADD 31042501,34973812,0.000000,62 
OBJECT_ADD 31126385,34991216,78.000000,62 
OBJECT_ADD 31131956,34975422,78.000000,62 
OBJECT_ADD 31126131,34975578,78.000000,62 
OBJECT_ADD 31096937,34986200,78.000000,62 
OBJECT_ADD 31101647,34981713,78.000000,62 
OBJECT_ADD 31097529,34975591,78.000000,62 
OBJECT_ADD 31101713,34974169,78.000000,62 
OBJECT_ADD 31119108,34985080,78.000000,62 
OBJECT_ADD 31121646,34985234,78.000000,62 
OBJECT_ADD 31102221,34968406,78.000000,62 
OBJECT_ADD 31109929,34960317,78.000000,62 
OBJECT_ADD 31116566,34988971,78.000000,62 
OBJECT_ADD 31105034,34964406,78.000000,62 
OBJECT_ADD 31131672,34976217,35.000000,63 
OBJECT_ADD 31084376,34996024,24.000000,63 
OBJECT_ADD 31132363,34960943,101.000000,63 
OBJECT_ADD 31118321,34948083,101.000000,62 
OBJECT_ADD 31110779,34949110,101.000000,62 
OBJECT_ADD 31112867,34989651,101.000000,62 
OBJECT_ADD 31109696,35003170,101.000000,62 
OBJECT_ADD 31101045,34999884,101.000000,62 
OBJECT_ADD 31103474,35012341,101.000000,62 
OBJECT_ADD 31126942,35002245,101.000000,62 
OBJECT_ADD 31102073,35016790,101.000000,62 
OBJECT_ADD 31119736,34989566,101.000000,62 
OBJECT_ADD 31106863,34958493,101.000000,62 
OBJECT_ADD 31108582,34953411,101.000000,62 
OBJECT_ADD 31102235,34957927,101.000000,62 
OBJECT_ADD 31101920,35021330,101.000000,62 
OBJECT_ADD 31101203,35026975,101.000000,62 
OBJECT_ADD 31104487,35027411,101.000000,62 
OBJECT_ADD 31096605,35017438,101.000000,62 
OBJECT_ADD 31098397,35006723,101.000000,62 
OBJECT_ADD 31092883,35008492,101.000000,62 
OBJECT_ADD 31090201,35013431,101.000000,62 
OBJECT_ADD 31094531,35020716,101.000000,62 
OBJECT_ADD 31087417,35018129,101.000000,62 
OBJECT_ADD 31108456,34945403,101.000000,62 
OBJECT_ADD 31133374,35018868,101.000000,62 
OBJECT_ADD 31154385,34958491,101.000000,62 
OBJECT_ADD 31142493,35000468,101.000000,62 
OBJECT_ADD 31107425,34987021,101.000000,62 
OBJECT_ADD 31078673,34980724,101.000000,62 
OBJECT_ADD 31079482,34984093,101.000000,62 
OBJECT_ADD 31098399,34962162,101.000000,62 
OBJECT_ADD 31142559,34946290,101.000000,62 
OBJECT_ADD 31097333,34924795,101.000000,62 
OBJECT_ADD 31144851,34942740,101.000000,62 
OBJECT_ADD 31083411,34943035,101.000000,62 
OBJECT_ADD 31115087,34952775,101.000000,62 
OBJECT_ADD 31101985,34931547,101.000000,62 
OBJECT_ADD 31106470,34924423,101.000000,62 
OBJECT_ADD 31137353,34953647,101.000000,62 
OBJECT_ADD 31117243,34945590,101.000000,62 
OBJECT_ADD 31144611,34933248,101.000000,62 
OBJECT_ADD 31101732,34934458,101.000000,62 
OBJECT_ADD 31112817,34946737,101.000000,62 
OBJECT_ADD 31141924,34928637,101.000000,62 
OBJECT_ADD 31072650,34934906,101.000000,62 
OBJECT_ADD 31080693,34926350,101.000000,62 
OBJECT_ADD 31060927,34932461,101.000000,62 
OBJECT_ADD 31063211,34934398,101.000000,62 
OBJECT_ADD 31079741,34988269,101.000000,62 
OBJECT_ADD 31081266,34975647,101.000000,62 
OBJECT_ADD 31056309,35003493,-23.000000,62 
OBJECT_ADD 31085457,34938379,101.000000,62 
OBJECT_ADD 31099140,34939497,101.000000,62 
OBJECT_ADD 31075027,34922679,101.000000,62 
OBJECT_ADD 31076891,34938933,101.000000,62 
OBJECT_ADD 31196345,34995775,0.000000,62 
OBJECT_ADD 31190882,34994441,0.000000,62 
OBJECT_ADD 31190826,35007276,0.000000,62 
OBJECT_ADD 31189675,35003275,0.000000,62 
OBJECT_ADD 31181214,35022583,0.000000,62 
OBJECT_ADD 31162973,34997995,0.000000,62 
OBJECT_ADD 31188551,34997805,0.000000,62 
OBJECT_ADD 31177254,35022631,0.000000,62 
OBJECT_ADD 31183872,35011997,0.000000,62 
OBJECT_ADD 31198891,35007544,0.000000,62 
OBJECT_ADD 31198960,35001773,0.000000,62 
OBJECT_ADD 31175835,34997878,0.000000,62 
OBJECT_ADD 31183106,34997148,0.000000,62 
OBJECT_ADD 31204808,34996426,0.000000,62 
OBJECT_ADD 31202830,35000934,0.000000,62 
OBJECT_ADD 31143890,35005220,0.000000,62 
OBJECT_ADD 31140316,35008899,0.000000,62 
OBJECT_ADD 31156492,35022732,0.000000,62 
OBJECT_ADD 31152624,35023474,0.000000,62 
OBJECT_ADD 31185695,35034080,0.000000,62 
OBJECT_ADD 31180386,35033657,0.000000,62 
OBJECT_ADD 31199713,35016918,0.000000,62 
OBJECT_ADD 31201106,35012297,0.000000,62 
OBJECT_ADD 31200700,34995394,0.000000,62 
OBJECT_ADD 31179059,34997422,0.000000,62 
OBJECT_ADD 31204105,35023735,0.000000,62 
OBJECT_ADD 30829981,35115338,0.000000,62 
OBJECT_ADD 30833375,35115921,0.000000,62 
OBJECT_ADD 30836823,35111884,0.000000,62 
OBJECT_ADD 30840500,35099387,0.000000,62 
OBJECT_ADD 30845894,35097267,0.000000,62 
OBJECT_ADD 30844369,35090838,0.000000,62 
OBJECT_ADD 30840801,35085081,0.000000,62 
OBJECT_ADD 30838821,35082584,0.000000,62 
OBJECT_ADD 30900657,35128396,0.000000,62 
OBJECT_ADD 30907437,35130196,0.000000,62 
OBJECT_ADD 30912657,35133226,0.000000,62 
OBJECT_ADD 30835898,35181598,0.000000,62 
OBJECT_ADD 30884257,35175570,0.000000,62 
OBJECT_ADD 30836696,35154489,0.000000,62 
OBJECT_ADD 30818113,35173923,0.000000,62 
OBJECT_ADD 30871405,35186022,0.000000,62 
OBJECT_ADD 30879627,35128122,0.000000,62 
OBJECT_ADD 30880480,35131807,0.000000,62 
OBJECT_ADD 30883994,35136343,0.000000,62 
OBJECT_ADD 30885622,35142764,0.000000,62 
OBJECT_ADD 30888664,35147106,0.000000,62 
OBJECT_ADD 30890412,35151873,0.000000,62 
OBJECT_ADD 30876830,35189644,0.000000,62 
OBJECT_ADD 30874764,35193449,0.000000,62 
OBJECT_ADD 30838072,35177962,0.000000,62 
OBJECT_ADD 30842364,35157823,0.000000,62 
OBJECT_ADD 30827682,35111643,0.000000,62 
OBJECT_ADD 30856554,35138955,0.000000,62 
OBJECT_ADD 30860132,35145351,0.000000,62 
OBJECT_ADD 30866394,35144994,0.000000,62 
OBJECT_ADD 30863012,35138881,0.000000,62 
OBJECT_ADD 30897384,35125679,0.000000,62 
OBJECT_ADD 30891934,35127916,0.000000,62 
OBJECT_ADD 30902659,35159006,0.000000,62 
OBJECT_ADD 30896521,35160727,0.000000,62 
OBJECT_ADD 30890502,35167237,0.000000,62 
OBJECT_ADD 30847107,35135676,0.000000,62 
OBJECT_ADD 30824655,35146068,0.000000,62 
OBJECT_ADD 30844797,35144635,0.000000,62 
OBJECT_ADD 30883825,35127435,0.000000,62 
OBJECT_ADD 30858389,35149409,0.000000,62 
OBJECT_ADD 30850121,35136066,0.000000,62 
OBJECT_ADD 30856580,35104634,0.000000,62 
OBJECT_ADD 30896877,35129508,0.000000,62 
OBJECT_ADD 30858519,35097241,0.000000,62 
OBJECT_ADD 30861076,35093295,0.000000,62 
OBJECT_ADD 30891125,35159731,0.000000,62 
OBJECT_ADD 30862864,35155320,0.000000,62 
OBJECT_ADD 30871309,35168718,0.000000,62 
OBJECT_ADD 30890420,35164144,0.000000,62 
OBJECT_ADD 30900618,35161385,0.000000,62 
OBJECT_ADD 30898090,35164688,0.000000,62 
OBJECT_ADD 30875460,35172379,0.000000,62 
OBJECT_ADD 30851790,35164148,0.000000,62 
OBJECT_ADD 30852678,35167443,0.000000,62 
OBJECT_ADD 30851633,35169700,0.000000,62 
OBJECT_ADD 30866128,35162754,0.000000,62 
OBJECT_ADD 30861493,35149620,0.000000,62 
OBJECT_ADD 30833020,35112138,0.000000,62 
OBJECT_ADD 30807217,35122536,0.000000,62 
OBJECT_ADD 30861617,35142269,0.000000,62 
OBJECT_ADD 30789414,35175163,0.000000,62 
OBJECT_ADD 30789361,35161253,0.000000,62 
OBJECT_ADD 30797319,35158423,0.000000,62 
OBJECT_ADD 30808855,35142624,0.000000,62 
OBJECT_ADD 30799791,35122798,0.000000,62 
OBJECT_ADD 30799800,35133659,0.000000,62 
OBJECT_ADD 30795903,35135942,0.000000,62 
OBJECT_ADD 30798457,35137421,0.000000,62 
OBJECT_ADD 30801062,35157211,0.000000,62 
OBJECT_ADD 30814312,35166155,0.000000,62 
OBJECT_ADD 30823714,35131149,0.000000,62 
OBJECT_ADD 31046748,35232249,0.000000,62 
OBJECT_ADD 31048117,35236311,0.000000,62 
OBJECT_ADD 31045084,35236843,0.000000,62 
OBJECT_ADD 31043607,35239455,0.000000,62 
OBJECT_ADD 31020687,35241318,0.000000,62 
OBJECT_ADD 31017525,35243444,0.000000,62 
OBJECT_ADD 31023589,35246204,0.000000,62 
OBJECT_ADD 31020268,35245769,0.000000,62 
OBJECT_ADD 31016495,35247354,0.000000,62 
OBJECT_ADD 31029767,35269888,0.000000,62 
OBJECT_ADD 31026621,35268050,0.000000,62 
OBJECT_ADD 31024120,35266902,0.000000,62 
OBJECT_ADD 31029012,35275869,0.000000,62 
OBJECT_ADD 31024983,35275590,0.000000,62 
OBJECT_ADD 31021203,35275110,0.000000,62 
OBJECT_ADD 31015580,35277328,0.000000,62 
OBJECT_ADD 31022937,35240535,0.000000,62 
OBJECT_ADD 31076689,35329677,0.000000,62 
OBJECT_ADD 31081336,35329912,0.000000,62 
OBJECT_ADD 31040227,35285946,0.000000,62 
OBJECT_ADD 31037278,35286780,0.000000,62 
OBJECT_ADD 31012934,35333177,0.000000,62 
OBJECT_ADD 31014988,35328464,0.000000,62 
OBJECT_ADD 31022145,35320728,0.000000,62 
OBJECT_ADD 31026161,35320038,0.000000,62 
OBJECT_ADD 31023608,35313861,0.000000,62 
OBJECT_ADD 31019006,35316062,0.000000,62 
OBJECT_ADD 31014592,35316031,0.000000,62 
OBJECT_ADD 31014772,35321670,0.000000,62 
OBJECT_ADD 31031431,35288882,0.000000,62 
OBJECT_ADD 31151457,35341843,0.000000,62 
OBJECT_ADD 31157597,35348469,0.000000,62 
OBJECT_ADD 31004463,35278277,0.000000,62 
OBJECT_ADD 31044955,35276792,0.000000,62 
OBJECT_ADD 31050465,35248074,0.000000,62 
OBJECT_ADD 31053554,35248188,0.000000,62 
OBJECT_ADD 31050130,35251555,0.000000,62 
OBJECT_ADD 31046819,35254948,0.000000,62 
OBJECT_ADD 31051795,35254701,0.000000,62 
OBJECT_ADD 31105136,35252459,0.000000,62 
OBJECT_ADD 31099234,35245024,-23.000000,62 
OBJECT_ADD 31103585,35248154,-23.000000,62 
OBJECT_ADD 31046247,35258828,0.000000,62 
OBJECT_ADD 31050860,35260204,0.000000,62 
OBJECT_ADD 31153997,35228232,0.000000,62 
OBJECT_ADD 31091944,35223064,0.000000,62 
OBJECT_ADD 31090772,35228511,0.000000,62 
OBJECT_ADD 31092866,35250371,0.000000,62 
OBJECT_ADD 31108467,35247745,0.000000,62 
OBJECT_ADD 31088767,35248572,0.000000,62 
OBJECT_ADD 31095566,35223305,0.000000,62 
OBJECT_ADD 31095511,35238422,0.000000,62 
OBJECT_ADD 31063293,35239583,0.000000,62 
OBJECT_ADD 31068081,35231085,0.000000,62 
OBJECT_ADD 31078087,35253602,0.000000,62 
OBJECT_ADD 31092144,35231698,0.000000,62 
OBJECT_ADD 31079137,35249033,0.000000,62 
OBJECT_ADD 31060087,35240425,0.000000,62 
OBJECT_ADD 31063870,35242211,0.000000,62 
OBJECT_ADD 31068068,35235260,0.000000,62 
OBJECT_ADD 31066614,35225039,0.000000,62 
OBJECT_ADD 31059863,35220293,0.000000,62 
OBJECT_ADD 31060457,35224299,0.000000,62 
OBJECT_ADD 31055630,35225456,0.000000,62 
OBJECT_ADD 31052685,35227695,0.000000,62 
OBJECT_ADD 31053307,35231308,0.000000,62 
OBJECT_ADD 31054876,35235947,0.000000,62 
OBJECT_ADD 31054994,35240399,0.000000,62 
OBJECT_ADD 31037271,35236333,0.000000,62 
OBJECT_ADD 31064608,35221150,0.000000,62 
OBJECT_ADD 31098410,35221357,0.000000,62 
OBJECT_ADD 31101072,35226031,0.000000,62 
OBJECT_ADD 31074628,35239929,0.000000,62 
OBJECT_ADD 31075693,35245797,0.000000,62 
OBJECT_ADD 31106725,35225348,0.000000,62 
OBJECT_ADD 31110315,35225178,-23.000000,62 
OBJECT_ADD 31104398,35231343,-23.000000,62 
OBJECT_ADD 31110302,35228618,-23.000000,62 
OBJECT_ADD 31107931,35233593,-23.000000,62 
OBJECT_ADD 31112807,35232227,-23.000000,62 
OBJECT_ADD 31115934,35227746,-23.000000,62 
OBJECT_ADD 31116296,35234002,-23.000000,62 
OBJECT_ADD 31122631,35236611,-23.000000,62 
OBJECT_ADD 31095593,35231577,-23.000000,62 
OBJECT_ADD 31075826,35278009,-23.000000,62 
OBJECT_ADD 31094641,35264571,-23.000000,62 
OBJECT_ADD 31092030,35267246,-66.000000,63 
OBJECT_ADD 31051248,35288980,-77.000000,63 
OBJECT_ADD 31060080,35278698,0.000000,63 
OBJECT_ADD 31081219,35260654,0.000000,62 
OBJECT_ADD 31062666,35269034,0.000000,62 
OBJECT_ADD 31064751,35280419,0.000000,62 
OBJECT_ADD 31063357,35277122,0.000000,62 
OBJECT_ADD 31077453,35261140,0.000000,62 
OBJECT_ADD 31107919,35274718,0.000000,62 
OBJECT_ADD 31168872,35236214,0.000000,62 
OBJECT_ADD 31165312,35244143,0.000000,62 
OBJECT_ADD 31162407,35249664,0.000000,62 
OBJECT_ADD 31159800,35253323,0.000000,62 
OBJECT_ADD 31070854,35306409,0.000000,62 
OBJECT_ADD 31074606,35306931,0.000000,62 
OBJECT_ADD 31137886,35239039,0.000000,62 
OBJECT_ADD 31141945,35240501,0.000000,62 
OBJECT_ADD 31145482,35242742,0.000000,62 
OBJECT_ADD 31110426,35296519,0.000000,62 
OBJECT_ADD 31106552,35296193,0.000000,62 
OBJECT_ADD 31102637,35295142,0.000000,62 
OBJECT_ADD 31096796,35292254,0.000000,62 
OBJECT_ADD 31094157,35295172,0.000000,62 
OBJECT_ADD 31141419,35336177,0.000000,62 
OBJECT_ADD 31027058,35353695,0.000000,62 
OBJECT_ADD 31046777,35334408,0.000000,62 
OBJECT_ADD 31044395,35335774,0.000000,62 
OBJECT_ADD 31042388,35338623,0.000000,62 
OBJECT_ADD 31077689,35329799,0.000000,62 
OBJECT_ADD 31073059,35317345,0.000000,62 
OBJECT_ADD 31076411,35316032,0.000000,62 
OBJECT_ADD 31104196,35310589,0.000000,62 
OBJECT_ADD 31100045,35311799,0.000000,62 
OBJECT_ADD 31146446,35340322,0.000000,62 